ANIO;OBJET_SOCEC_ID;INV_ID_PESOS_CORR;;;;;;;
2004;Agricultura;306;;;;;;;
2004;Cultura, recreación, religión y medios de comunicación;0;;;;;;;
2004;Defensa;11;;;;;;;
2004;Educación;0;;;;;;;
2004;Energía;33;;;;;;;
2004;Estructura, procesos y sistemas políticos y sociales;0;;;;;;;
2004;Estructuras y Relaciones Sociales;80;;;;;;;
2004;Exploración y explotación de la tierra;55;;;;;;;
2004;Exploración y explotación del espacio;52;;;;;;;
2004;Medio ambiente;78;;;;;;;
2004;Otra Investigación civil;83;;;;;;;
2004;Producción general de conocimiento;208;;;;;;;
2004;Producción y tecnología industrial;141;;;;;;;
2004;Salud;132;;;;;;;
2004;Transporte, telecomunicación y otras infraestructuras;33;;;;;;;
2005;Agricultura;378;;;;;;;
2005;Cultura, recreación, religión y medios de comunicación;0;;;;;;;
2005;Defensa;30;;;;;;;
2005;Educación;0;;;;;;;
2005;Energía;47;;;;;;;
2005;Estructura, procesos y sistemas políticos y sociales;0;;;;;;;
2005;Estructuras y Relaciones Sociales;134;;;;;;;
2005;Exploración y explotación de la tierra;56;;;;;;;
2005;Exploración y explotación del espacio;59;;;;;;;
2005;Medio ambiente;64;;;;;;;
2005;Otra Investigación civil;128;;;;;;;
2005;Producción general de conocimiento;318;;;;;;;
2005;Producción y tecnología industrial;138;;;;;;;
2005;Salud;197;;;;;;;
2005;Transporte, telecomunicación y otras infraestructuras;31;;;;;;;
2006;Agricultura;572;;;;;;;
2006;Cultura, recreación, religión y medios de comunicación;0;;;;;;;
2006;Defensa;36;;;;;;;
2006;Educación;0;;;;;;;
2006;Energía;79;;;;;;;
2006;Estructura, procesos y sistemas políticos y sociales;0;;;;;;;
2006;Estructuras y Relaciones Sociales;199;;;;;;;
2006;Exploración y explotación de la tierra;97;;;;;;;
2006;Exploración y explotación del espacio;111;;;;;;;
2006;Medio ambiente;99;;;;;;;
2006;Otra Investigación civil;251;;;;;;;
2006;Producción general de conocimiento;257;;;;;;;
2006;Producción y tecnología industrial;199;;;;;;;
2006;Salud;239;;;;;;;
2006;Transporte, telecomunicación y otras infraestructuras;49;;;;;;;
2007;Agricultura;654;;;;;;;
2007;Cultura, recreación, religión y medios de comunicación;0;;;;;;;
2007;Defensa;21;;;;;;;
2007;Educación;0;;;;;;;
2007;Energía;101;;;;;;;
2007;Estructura, procesos y sistemas políticos y sociales;0;;;;;;;
2007;Estructuras y Relaciones Sociales;334;;;;;;;
2007;Exploración y explotación de la tierra;132;;;;;;;
2007;Exploración y explotación del espacio;175;;;;;;;
2007;Medio ambiente;130;;;;;;;
2007;Otra Investigación civil;234;;;;;;;
2007;Producción general de conocimiento;351;;;;;;;
2007;Producción y tecnología industrial;263;;;;;;;
2007;Salud;398;;;;;;;
2007;Transporte, telecomunicación y otras infraestructuras;60;;;;;;;
2008;Agricultura;895;;;;;;;
2008;Cultura, recreación, religión y medios de comunicación;0;;;;;;;
2008;Defensa;23;;;;;;;
2008;Educación;0;;;;;;;
2008;Energía;156;;;;;;;
2008;Estructura, procesos y sistemas políticos y sociales;0;;;;;;;
2008;Estructuras y Relaciones Sociales;433;;;;;;;
2008;Exploración y explotación de la tierra;223;;;;;;;
2008;Exploración y explotación del espacio;239;;;;;;;
2008;Medio ambiente;209;;;;;;;
2008;Otra Investigación civil;297;;;;;;;
2008;Producción general de conocimiento;414;;;;;;;
2008;Producción y tecnología industrial;443;;;;;;;
2008;Salud;448;;;;;;;
2008;Transporte, telecomunicación y otras infraestructuras;107;;;;;;;
2009;Agricultura;1204;;;;;;;
2009;Cultura, recreación, religión y medios de comunicación;0;;;;;;;
2009;Defensa;29;;;;;;;
2009;Educación;0;;;;;;;
2009;Energía;237;;;;;;;
2009;Estructura, procesos y sistemas políticos y sociales;0;;;;;;;
2009;Estructuras y Relaciones Sociales;615;;;;;;;
2009;Exploración y explotación de la tierra;347;;;;;;;
2009;Exploración y explotación del espacio;280;;;;;;;
2009;Medio ambiente;289;;;;;;;
2009;Otra Investigación civil;328;;;;;;;
2009;Producción general de conocimiento;690;;;;;;;
2009;Producción y tecnología industrial;509;;;;;;;
2009;Salud;595;;;;;;;
2009;Transporte, telecomunicación y otras infraestructuras;137;;;;;;;
2010;Agricultura;1349;;;;;;;
2010;Cultura, recreación, religión y medios de comunicación;0;;;;;;;
2010;Defensa;74;;;;;;;
2010;Educación;0;;;;;;;
2010;Energía;334;;;;;;;
2010;Estructura, procesos y sistemas políticos y sociales;0;;;;;;;
2010;Estructuras y Relaciones Sociales;872;;;;;;;
2010;Exploración y explotación de la tierra;385;;;;;;;
2010;Exploración y explotación del espacio;419;;;;;;;
2010;Medio ambiente;409;;;;;;;
2010;Otra Investigación civil;480;;;;;;;
2010;Producción general de conocimiento;805;;;;;;;
2010;Producción y tecnología industrial;674;;;;;;;
2010;Salud;781;;;;;;;
2010;Transporte, telecomunicación y otras infraestructuras;206;;;;;;;
2011;Agricultura;1737;;;;;;;
2011;Cultura, recreación, religión y medios de comunicación;0;;;;;;;
2011;Defensa;91;;;;;;;
2011;Educación;0;;;;;;;
2011;Energía;424;;;;;;;
2011;Estructura, procesos y sistemas políticos y sociales;0;;;;;;;
2011;Estructuras y Relaciones Sociales;1185;;;;;;;
2011;Exploración y explotación de la tierra;501;;;;;;;
2011;Exploración y explotación del espacio;514;;;;;;;
2011;Medio ambiente;583;;;;;;;
2011;Otra Investigación civil;675;;;;;;;
2011;Producción general de conocimiento;1055;;;;;;;
2011;Producción y tecnología industrial;874;;;;;;;
2011;Salud;1005;;;;;;;
2011;Transporte, telecomunicación y otras infraestructuras;264;;;;;;;
2012;Agricultura;2524;;;;;;;
2012;Cultura, recreación, religión y medios de comunicación;0;;;;;;;
2012;Defensa;106;;;;;;;
2012;Educación;0;;;;;;;
2012;Energía;613;;;;;;;
2012;Estructura, procesos y sistemas políticos y sociales;0;;;;;;;
2012;Estructuras y Relaciones Sociales;1405;;;;;;;
2012;Exploración y explotación de la tierra;809;;;;;;;
2012;Exploración y explotación del espacio;689;;;;;;;
2012;Medio ambiente;746;;;;;;;
2012;Otra Investigación civil;770;;;;;;;
2012;Producción general de conocimiento;1606;;;;;;;
2012;Producción y tecnología industrial;1370;;;;;;;
2012;Salud;1451;;;;;;;
2012;Transporte, telecomunicación y otras infraestructuras;390;;;;;;;
2013;Agricultura;2451;;;;;;;
2013;Cultura, recreación, religión y medios de comunicación;0;;;;;;;
2013;Defensa;134;;;;;;;
2013;Educación;0;;;;;;;
2013;Energía;891;;;;;;;
2013;Estructura, procesos y sistemas políticos y sociales;0;;;;;;;
2013;Estructuras y Relaciones Sociales;1857;;;;;;;
2013;Exploración y explotación de la tierra;1080;;;;;;;
2013;Exploración y explotación del espacio;802;;;;;;;
2013;Medio ambiente;1187;;;;;;;
2013;Otra Investigación civil;896;;;;;;;
2013;Producción general de conocimiento;1965;;;;;;;
2013;Producción y tecnología industrial;2003;;;;;;;
2013;Salud;1917;;;;;;;
2013;Transporte, telecomunicación y otras infraestructuras;477;;;;;;;
2014;Agricultura;3196;;;;;;;
2014;Cultura, recreación, religión y medios de comunicación;0;;;;;;;
2014;Defensa;202;;;;;;;
2014;Educación;0;;;;;;;
2014;Energía;1330;;;;;;;
2014;Estructura, procesos y sistemas políticos y sociales;0;;;;;;;
2014;Estructuras y Relaciones Sociales;2480;;;;;;;
2014;Exploración y explotación de la tierra;1504;;;;;;;
2014;Exploración y explotación del espacio;1094;;;;;;;
2014;Medio ambiente;1718;;;;;;;
2014;Otra Investigación civil;1219;;;;;;;
2014;Producción general de conocimiento;2848;;;;;;;
2014;Producción y tecnología industrial;2575;;;;;;;
2014;Salud;2646;;;;;;;
2014;Transporte, telecomunicación y otras infraestructuras;649;;;;;;;
2015;Agricultura;4329;;;;;;;
2015;Cultura, recreación, religión y medios de comunicación;0;;;;;;;
2015;Defensa;260;;;;;;;
2015;Educación;0;;;;;;;
2015;Energía;2002;;;;;;;
2015;Estructura, procesos y sistemas políticos y sociales;0;;;;;;;
2015;Estructuras y Relaciones Sociales;3404;;;;;;;
2015;Exploración y explotación de la tierra;2090;;;;;;;
2015;Exploración y explotación del espacio;1740;;;;;;;
2015;Medio ambiente;2041;;;;;;;
2015;Otra Investigación civil;1336;;;;;;;
2015;Producción general de conocimiento;3842;;;;;;;
2015;Producción y tecnología industrial;3698;;;;;;;
2015;Salud;3235;;;;;;;
2015;Transporte, telecomunicación y otras infraestructuras;762;;;;;;;
2016;Agricultura;5200;;;;;;;
2016;Cultura, recreación, religión y medios de comunicación;0;;;;;;;
2016;Defensa;294;;;;;;;
2016;Educación;0;;;;;;;
2016;Energía;2557;;;;;;;
2016;Estructura, procesos y sistemas políticos y sociales;0;;;;;;;
2016;Estructuras y Relaciones Sociales;3673;;;;;;;
2016;Exploración y explotación de la tierra;2083;;;;;;;
2016;Exploración y explotación del espacio;1812;;;;;;;
2016;Medio ambiente;1845;;;;;;;
2016;Otra Investigación civil;2227;;;;;;;
2016;Producción general de conocimiento;4869;;;;;;;
2016;Producción y tecnología industrial;3071;;;;;;;
2016;Salud;5720;;;;;;;
2016;Transporte, telecomunicación y otras infraestructuras;773;;;;;;;
2017;Agricultura;5802;;;;;;;
2017;Cultura, recreación, religión y medios de comunicación;1272;;;;;;;
2017;Defensa;568;;;;;;;
2017;Educación;957;;;;;;;
2017;Energía;5716;;;;;;;
2017;Estructura, procesos y sistemas políticos y sociales;3056;;;;;;;
2017;Estructuras y Relaciones Sociales;0;;;;;;;
2017;Exploración y explotación de la tierra;2352;;;;;;;
2017;Exploración y explotación del espacio;2271;;;;;;;
2017;Medio ambiente;2857;;;;;;;
2017;Otra Investigación civil;0;;;;;;;
2017;Producción general de conocimiento;7119;;;;;;;
2017;Producción y tecnología industrial;3361;;;;;;;
2017;Salud;6842;;;;;;;
2017;Transporte, telecomunicación y otras infraestructuras;1077;;;;;;;
2018;Agricultura;7478;;;;;;;
2018;Cultura, recreación, religión y medios de comunicación;1525;;;;;;;
2018;Defensa;753;;;;;;;
2018;Educación;1355;;;;;;;
2018;Energía;4094;;;;;;;
2018;Estructura, procesos y sistemas políticos y sociales;3273;;;;;;;
2018;Estructuras y Relaciones Sociales;0;;;;;;;
2018;Exploración y explotación de la tierra;3086;;;;;;;
2018;Exploración y explotación del espacio;2249;;;;;;;
2018;Medio ambiente;2839;;;;;;;
2018;Otra Investigación civil;0;;;;;;;
2018;Producción general de conocimiento;8337;;;;;;;
2018;Producción y tecnología industrial;3212;;;;;;;
2018;Salud;9233;;;;;;;
2018;Transporte, telecomunicación y otras infraestructuras;1742;;;;;;;
2019;Agricultura;10992;;;;;;;
2019;Cultura, recreación, religión y medios de comunicación;2312;;;;;;;
2019;Defensa;690;;;;;;;
2019;Educación;1779;;;;;;;
2019;Energía;5336;;;;;;;
2019;Estructura, procesos y sistemas políticos y sociales;4604;;;;;;;
2019;Estructuras y Relaciones Sociales;0;;;;;;;
2019;Exploración y explotación de la tierra;4003;;;;;;;
2019;Exploración y explotación del espacio;2252;;;;;;;
2019;Medio ambiente;4146;;;;;;;
2019;Otra Investigación civil;0;;;;;;;
2019;Producción general de conocimiento;13162;;;;;;;
2019;Producción y tecnología industrial;4258;;;;;;;
2019;Salud;10556;;;;;;;
2019;Transporte, telecomunicación y otras infraestructuras;1677;;;;;;;
2020;Agricultura;15887;;;;;;;
2020;Cultura, recreación, religión y medios de comunicación;3378;;;;;;;
2020;Defensa;229;;;;;;;
2020;Educación;2896;;;;;;;
2020;Energía;8093;;;;;;;
2020;Estructura, procesos y sistemas políticos y sociales;5898;;;;;;;
2020;Estructuras y Relaciones Sociales;0;;;;;;;
2020;Exploración y explotación de la tierra;5343;;;;;;;
2020;Exploración y explotación del espacio;2558;;;;;;;
2020;Medio ambiente;5375;;;;;;;
2020;Otra Investigación civil;0;;;;;;;
2020;Producción general de conocimiento;16277;;;;;;;
2020;Producción y tecnología industrial;5629;;;;;;;
2020;Salud;14406;;;;;;;
2020;Transporte, telecomunicación y otras infraestructuras;2819;;;;;;;
2021;Agricultura;25103;;;;;;;
2021;Cultura, recreación, religión y medios de comunicación;5701;;;;;;;
2021;Defensa;1087;;;;;;;
2021;Educación;4411;;;;;;;
2021;Energía;12194;;;;;;;
2021;Estructura, procesos y sistemas políticos y sociales;9578;;;;;;;
2021;Estructuras y Relaciones Sociales;0;;;;;;;
2021;Exploración y explotación de la tierra;8923;;;;;;;
2021;Exploración y explotación del espacio;2685;;;;;;;
2021;Medio ambiente;8849;;;;;;;
2021;Otra Investigación civil;0;;;;;;;
2021;Producción general de conocimiento;25527;;;;;;;
2021;Producción y tecnología industrial;8125;;;;;;;
2021;Salud;30290;;;;;;;
2021;Transporte, telecomunicación y otras infraestructuras;4190;;;;;;;
2022;Agricultura;46378;;;;;;;
2022;Cultura, recreación, religión y medios de comunicación;11050;;;;;;;
2022;Defensa;1754;;;;;;;
2022;Educación;9234;;;;;;;
2022;Energía;15876;;;;;;;
2022;Estructura, procesos y sistemas políticos y sociales;18000;;;;;;;
2022;Estructuras y Relaciones Sociales;0;;;;;;;
2022;Exploración y explotación de la tierra;17981;;;;;;;
2022;Exploración y explotación del espacio;4436;;;;;;;
2022;Medio ambiente;21795;;;;;;;
2022;Otra Investigación civil;0;;;;;;;
2022;Producción general de conocimiento;58448;;;;;;;
2022;Producción y tecnología industrial;18947;;;;;;;
2022;Salud;43394;;;;;;;
2022;Transporte, telecomunicación y otras infraestructuras;6529;;;;;;;
2023;Agricultura;123660;;;;;;;
2023;Cultura, recreación, religión y medios de comunicación;28213;;;;;;;
2023;Defensa;4092;;;;;;;
2023;Educación;24722;;;;;;;
2023;Energía;35723;;;;;;;
2023;Estructura, procesos y sistemas políticos y sociales;50717;;;;;;;
2023;Estructuras y Relaciones Sociales;0;;;;;;;
2023;Exploración y explotación de la tierra;45637;;;;;;;
2023;Exploración y explotación del espacio;13355;;;;;;;
2023;Medio ambiente;44129;;;;;;;
2023;Otra Investigación civil;0;;;;;;;
2023;Producción general de conocimiento;139689;;;;;;;
2023;Producción y tecnología industrial;45440;;;;;;;
2023;Salud;97526;;;;;;;
2023;Transporte, telecomunicación y otras infraestructuras;13614;;;;;;;
2024;Agricultura;294665;;;;;;;
2024;Cultura, recreación, religión y medios de comunicación;55470;;;;;;;
2024;Defensa;11365;;;;;;;
2024;Educación;53770;;;;;;;
2024;Energía;60924;;;;;;;
2024;Estructura, procesos y sistemas políticos y sociales;105544;;;;;;;
2024;Estructuras y Relaciones Sociales;0;;;;;;;
2024;Exploración y explotación de la tierra;102556;;;;;;;
2024;Exploración y explotación del espacio;49211;;;;;;;
2024;Medio ambiente;98794;;;;;;;
2024;Otra Investigación civil;0;;;;;;;
2024;Producción general de conocimiento;315627;;;;;;;
2024;Producción y tecnología industrial;98592;;;;;;;
2024;Salud;225684;;;;;;;
2024;Transporte, telecomunicación y otras infraestructuras;32941;;;;;;;
