provincia_nombre,provincia_id,grupo_etario_madre,anio,cantidad
Buenos Aires,6,10-14,2012,974
Buenos Aires,6,10-14,2013,992
Buenos Aires,6,10-14,2014,968
Buenos Aires,6,10-14,2015,848
Buenos Aires,6,10-14,2016,689
Buenos Aires,6,10-14,2017,666
Buenos Aires,6,10-14,2018,626
Buenos Aires,6,10-14,2019,488
Buenos Aires,6,10-14,2020,415
Buenos Aires,6,10-14,2021,314
Buenos Aires,6,10-14,2022,257
Buenos Aires,6,10-14,2023,254
Buenos Aires,6,10-14,2024,201
Buenos Aires,6,15-19,2012,42301
Buenos Aires,6,15-19,2013,42371
Buenos Aires,6,15-19,2014,42435
Buenos Aires,6,15-19,2015,38930
Buenos Aires,6,15-19,2016,34291
Buenos Aires,6,15-19,2017,31171
Buenos Aires,6,15-19,2018,28568
Buenos Aires,6,15-19,2019,23545
Buenos Aires,6,15-19,2020,19283
Buenos Aires,6,15-19,2021,15302
Buenos Aires,6,15-19,2022,14110
Buenos Aires,6,15-19,2023,13056
Buenos Aires,6,15-19,2024,11716
Buenos Aires,6,20-24,2012,68287
Buenos Aires,6,20-24,2013,69762
Buenos Aires,6,20-24,2014,72291
Buenos Aires,6,20-24,2015,70199
Buenos Aires,6,20-24,2016,66322
Buenos Aires,6,20-24,2017,63326
Buenos Aires,6,20-24,2018,60554
Buenos Aires,6,20-24,2019,53121
Buenos Aires,6,20-24,2020,46403
Buenos Aires,6,20-24,2021,39329
Buenos Aires,6,20-24,2022,36534
Buenos Aires,6,20-24,2023,34588
Buenos Aires,6,20-24,2024,32193
Buenos Aires,6,25-29,2012,60732
Buenos Aires,6,25-29,2013,63284
Buenos Aires,6,25-29,2014,66422
Buenos Aires,6,25-29,2015,65717
Buenos Aires,6,25-29,2016,64354
Buenos Aires,6,25-29,2017,63536
Buenos Aires,6,25-29,2018,61983
Buenos Aires,6,25-29,2019,56438
Buenos Aires,6,25-29,2020,50758
Buenos Aires,6,25-29,2021,46026
Buenos Aires,6,25-29,2022,42524
Buenos Aires,6,25-29,2023,38885
Buenos Aires,6,25-29,2024,36273
Buenos Aires,6,30-34,2012,57607
Buenos Aires,6,30-34,2013,58185
Buenos Aires,6,30-34,2014,58699
Buenos Aires,6,30-34,2015,56756
Buenos Aires,6,30-34,2016,55005
Buenos Aires,6,30-34,2017,54000
Buenos Aires,6,30-34,2018,53047
Buenos Aires,6,30-34,2019,49410
Buenos Aires,6,30-34,2020,46077
Buenos Aires,6,30-34,2021,43882
Buenos Aires,6,30-34,2022,40495
Buenos Aires,6,30-34,2023,36400
Buenos Aires,6,30-34,2024,33130
Buenos Aires,6,35-39,2012,32141
Buenos Aires,6,35-39,2013,33595
Buenos Aires,6,35-39,2014,35132
Buenos Aires,6,35-39,2015,36411
Buenos Aires,6,35-39,2016,35588
Buenos Aires,6,35-39,2017,35202
Buenos Aires,6,35-39,2018,34552
Buenos Aires,6,35-39,2019,32058
Buenos Aires,6,35-39,2020,29900
Buenos Aires,6,35-39,2021,28139
Buenos Aires,6,35-39,2022,26772
Buenos Aires,6,35-39,2023,24387
Buenos Aires,6,35-39,2024,22776
Buenos Aires,6,40-44,2012,8301
Buenos Aires,6,40-44,2013,8618
Buenos Aires,6,40-44,2014,8992
Buenos Aires,6,40-44,2015,9329
Buenos Aires,6,40-44,2016,9237
Buenos Aires,6,40-44,2017,9339
Buenos Aires,6,40-44,2018,9789
Buenos Aires,6,40-44,2019,9663
Buenos Aires,6,40-44,2020,9226
Buenos Aires,6,40-44,2021,8480
Buenos Aires,6,40-44,2022,8269
Buenos Aires,6,40-44,2023,7532
Buenos Aires,6,40-44,2024,6766
Buenos Aires,6,45-49,2012,465
Buenos Aires,6,45-49,2013,506
Buenos Aires,6,45-49,2014,514
Buenos Aires,6,45-49,2015,553
Buenos Aires,6,45-49,2016,578
Buenos Aires,6,45-49,2017,612
Buenos Aires,6,45-49,2018,691
Buenos Aires,6,45-49,2019,709
Buenos Aires,6,45-49,2020,673
Buenos Aires,6,45-49,2021,570
Buenos Aires,6,45-49,2022,684
Buenos Aires,6,45-49,2023,667
Buenos Aires,6,45-49,2024,687
Catamarca,10,10-14,2012,37
Catamarca,10,10-14,2013,39
Catamarca,10,10-14,2014,48
Catamarca,10,10-14,2015,42
Catamarca,10,10-14,2016,39
Catamarca,10,10-14,2017,31
Catamarca,10,10-14,2018,31
Catamarca,10,10-14,2019,15
Catamarca,10,10-14,2020,14
Catamarca,10,10-14,2021,16
Catamarca,10,10-14,2022,13
Catamarca,10,10-14,2023,15
Catamarca,10,10-14,2024,5
Catamarca,10,15-19,2012,1231
Catamarca,10,15-19,2013,1286
Catamarca,10,15-19,2014,1364
Catamarca,10,15-19,2015,1291
Catamarca,10,15-19,2016,1094
Catamarca,10,15-19,2017,1035
Catamarca,10,15-19,2018,1002
Catamarca,10,15-19,2019,757
Catamarca,10,15-19,2020,554
Catamarca,10,15-19,2021,444
Catamarca,10,15-19,2022,394
Catamarca,10,15-19,2023,327
Catamarca,10,15-19,2024,326
Catamarca,10,20-24,2012,1695
Catamarca,10,20-24,2013,1764
Catamarca,10,20-24,2014,1919
Catamarca,10,20-24,2015,1830
Catamarca,10,20-24,2016,1845
Catamarca,10,20-24,2017,1671
Catamarca,10,20-24,2018,1772
Catamarca,10,20-24,2019,1479
Catamarca,10,20-24,2020,1295
Catamarca,10,20-24,2021,1098
Catamarca,10,20-24,2022,1151
Catamarca,10,20-24,2023,969
Catamarca,10,20-24,2024,888
Catamarca,10,25-29,2012,1424
Catamarca,10,25-29,2013,1428
Catamarca,10,25-29,2014,1511
Catamarca,10,25-29,2015,1601
Catamarca,10,25-29,2016,1569
Catamarca,10,25-29,2017,1509
Catamarca,10,25-29,2018,1608
Catamarca,10,25-29,2019,1392
Catamarca,10,25-29,2020,1306
Catamarca,10,25-29,2021,1315
Catamarca,10,25-29,2022,1282
Catamarca,10,25-29,2023,1144
Catamarca,10,25-29,2024,1092
Catamarca,10,30-34,2012,1244
Catamarca,10,30-34,2013,1250
Catamarca,10,30-34,2014,1286
Catamarca,10,30-34,2015,1131
Catamarca,10,30-34,2016,1214
Catamarca,10,30-34,2017,1210
Catamarca,10,30-34,2018,1243
Catamarca,10,30-34,2019,1140
Catamarca,10,30-34,2020,1010
Catamarca,10,30-34,2021,1037
Catamarca,10,30-34,2022,1059
Catamarca,10,30-34,2023,957
Catamarca,10,30-34,2024,835
Catamarca,10,35-39,2012,611
Catamarca,10,35-39,2013,672
Catamarca,10,35-39,2014,744
Catamarca,10,35-39,2015,780
Catamarca,10,35-39,2016,743
Catamarca,10,35-39,2017,784
Catamarca,10,35-39,2018,803
Catamarca,10,35-39,2019,707
Catamarca,10,35-39,2020,668
Catamarca,10,35-39,2021,636
Catamarca,10,35-39,2022,604
Catamarca,10,35-39,2023,550
Catamarca,10,35-39,2024,479
Catamarca,10,40-44,2012,169
Catamarca,10,40-44,2013,170
Catamarca,10,40-44,2014,192
Catamarca,10,40-44,2015,177
Catamarca,10,40-44,2016,183
Catamarca,10,40-44,2017,208
Catamarca,10,40-44,2018,218
Catamarca,10,40-44,2019,204
Catamarca,10,40-44,2020,184
Catamarca,10,40-44,2021,148
Catamarca,10,40-44,2022,195
Catamarca,10,40-44,2023,168
Catamarca,10,40-44,2024,144
Catamarca,10,45-49,2012,11
Catamarca,10,45-49,2013,11
Catamarca,10,45-49,2014,7
Catamarca,10,45-49,2015,13
Catamarca,10,45-49,2016,16
Catamarca,10,45-49,2017,11
Catamarca,10,45-49,2018,15
Catamarca,10,45-49,2019,12
Catamarca,10,45-49,2020,11
Catamarca,10,45-49,2021,11
Catamarca,10,45-49,2022,9
Catamarca,10,45-49,2023,12
Catamarca,10,45-49,2024,10
Chaco,22,10-14,2012,265
Chaco,22,10-14,2013,320
Chaco,22,10-14,2014,263
Chaco,22,10-14,2015,240
Chaco,22,10-14,2016,245
Chaco,22,10-14,2017,188
Chaco,22,10-14,2018,217
Chaco,22,10-14,2019,163
Chaco,22,10-14,2020,132
Chaco,22,10-14,2021,123
Chaco,22,10-14,2022,92
Chaco,22,10-14,2023,70
Chaco,22,10-14,2024,52
Chaco,22,15-19,2012,5519
Chaco,22,15-19,2013,5225
Chaco,22,15-19,2014,5709
Chaco,22,15-19,2015,5260
Chaco,22,15-19,2016,4826
Chaco,22,15-19,2017,4478
Chaco,22,15-19,2018,4395
Chaco,22,15-19,2019,3535
Chaco,22,15-19,2020,2791
Chaco,22,15-19,2021,2528
Chaco,22,15-19,2022,2290
Chaco,22,15-19,2023,1983
Chaco,22,15-19,2024,1356
Chaco,22,20-24,2012,6114
Chaco,22,20-24,2013,6174
Chaco,22,20-24,2014,6962
Chaco,22,20-24,2015,6797
Chaco,22,20-24,2016,6284
Chaco,22,20-24,2017,6562
Chaco,22,20-24,2018,6722
Chaco,22,20-24,2019,5870
Chaco,22,20-24,2020,5027
Chaco,22,20-24,2021,4480
Chaco,22,20-24,2022,4278
Chaco,22,20-24,2023,3784
Chaco,22,20-24,2024,2834
Chaco,22,25-29,2012,4798
Chaco,22,25-29,2013,4843
Chaco,22,25-29,2014,5296
Chaco,22,25-29,2015,5262
Chaco,22,25-29,2016,5086
Chaco,22,25-29,2017,5377
Chaco,22,25-29,2018,5558
Chaco,22,25-29,2019,5295
Chaco,22,25-29,2020,4934
Chaco,22,25-29,2021,4774
Chaco,22,25-29,2022,4573
Chaco,22,25-29,2023,4190
Chaco,22,25-29,2024,3249
Chaco,22,30-34,2012,3864
Chaco,22,30-34,2013,3869
Chaco,22,30-34,2014,4207
Chaco,22,30-34,2015,3948
Chaco,22,30-34,2016,3785
Chaco,22,30-34,2017,3887
Chaco,22,30-34,2018,3980
Chaco,22,30-34,2019,3857
Chaco,22,30-34,2020,3682
Chaco,22,30-34,2021,3552
Chaco,22,30-34,2022,3594
Chaco,22,30-34,2023,3289
Chaco,22,30-34,2024,2676
Chaco,22,35-39,2012,1829
Chaco,22,35-39,2013,1893
Chaco,22,35-39,2014,2180
Chaco,22,35-39,2015,2132
Chaco,22,35-39,2016,2055
Chaco,22,35-39,2017,2310
Chaco,22,35-39,2018,2298
Chaco,22,35-39,2019,2148
Chaco,22,35-39,2020,1993
Chaco,22,35-39,2021,1909
Chaco,22,35-39,2022,1939
Chaco,22,35-39,2023,1801
Chaco,22,35-39,2024,1441
Chaco,22,40-44,2012,432
Chaco,22,40-44,2013,434
Chaco,22,40-44,2014,472
Chaco,22,40-44,2015,450
Chaco,22,40-44,2016,483
Chaco,22,40-44,2017,508
Chaco,22,40-44,2018,542
Chaco,22,40-44,2019,589
Chaco,22,40-44,2020,508
Chaco,22,40-44,2021,540
Chaco,22,40-44,2022,526
Chaco,22,40-44,2023,479
Chaco,22,40-44,2024,391
Chaco,22,45-49,2012,27
Chaco,22,45-49,2013,26
Chaco,22,45-49,2014,22
Chaco,22,45-49,2015,28
Chaco,22,45-49,2016,22
Chaco,22,45-49,2017,23
Chaco,22,45-49,2018,30
Chaco,22,45-49,2019,32
Chaco,22,45-49,2020,22
Chaco,22,45-49,2021,35
Chaco,22,45-49,2022,26
Chaco,22,45-49,2023,23
Chaco,22,45-49,2024,27
Chubut,26,10-14,2012,34
Chubut,26,10-14,2013,45
Chubut,26,10-14,2014,31
Chubut,26,10-14,2015,26
Chubut,26,10-14,2016,28
Chubut,26,10-14,2017,27
Chubut,26,10-14,2018,19
Chubut,26,10-14,2019,11
Chubut,26,10-14,2020,9
Chubut,26,10-14,2021,10
Chubut,26,10-14,2022,7
Chubut,26,10-14,2023,6
Chubut,26,10-14,2024,7
Chubut,26,15-19,2012,1293
Chubut,26,15-19,2013,1375
Chubut,26,15-19,2014,1310
Chubut,26,15-19,2015,1251
Chubut,26,15-19,2016,1096
Chubut,26,15-19,2017,957
Chubut,26,15-19,2018,798
Chubut,26,15-19,2019,688
Chubut,26,15-19,2020,533
Chubut,26,15-19,2021,427
Chubut,26,15-19,2022,380
Chubut,26,15-19,2023,310
Chubut,26,15-19,2024,297
Chubut,26,20-24,2012,2278
Chubut,26,20-24,2013,2355
Chubut,26,20-24,2014,2390
Chubut,26,20-24,2015,2286
Chubut,26,20-24,2016,2375
Chubut,26,20-24,2017,2139
Chubut,26,20-24,2018,2051
Chubut,26,20-24,2019,1783
Chubut,26,20-24,2020,1562
Chubut,26,20-24,2021,1330
Chubut,26,20-24,2022,1347
Chubut,26,20-24,2023,1101
Chubut,26,20-24,2024,1035
Chubut,26,25-29,2012,2305
Chubut,26,25-29,2013,2438
Chubut,26,25-29,2014,2416
Chubut,26,25-29,2015,2454
Chubut,26,25-29,2016,2477
Chubut,26,25-29,2017,2318
Chubut,26,25-29,2018,2178
Chubut,26,25-29,2019,2043
Chubut,26,25-29,2020,1805
Chubut,26,25-29,2021,1718
Chubut,26,25-29,2022,1596
Chubut,26,25-29,2023,1514
Chubut,26,25-29,2024,1356
Chubut,26,30-34,2012,1975
Chubut,26,30-34,2013,2164
Chubut,26,30-34,2014,2087
Chubut,26,30-34,2015,2002
Chubut,26,30-34,2016,1997
Chubut,26,30-34,2017,1993
Chubut,26,30-34,2018,1899
Chubut,26,30-34,2019,1739
Chubut,26,30-34,2020,1674
Chubut,26,30-34,2021,1532
Chubut,26,30-34,2022,1425
Chubut,26,30-34,2023,1246
Chubut,26,30-34,2024,1227
Chubut,26,35-39,2012,943
Chubut,26,35-39,2013,1124
Chubut,26,35-39,2014,1146
Chubut,26,35-39,2015,1313
Chubut,26,35-39,2016,1191
Chubut,26,35-39,2017,1184
Chubut,26,35-39,2018,1141
Chubut,26,35-39,2019,1082
Chubut,26,35-39,2020,1110
Chubut,26,35-39,2021,921
Chubut,26,35-39,2022,951
Chubut,26,35-39,2023,829
Chubut,26,35-39,2024,733
Chubut,26,40-44,2012,222
Chubut,26,40-44,2013,241
Chubut,26,40-44,2014,255
Chubut,26,40-44,2015,263
Chubut,26,40-44,2016,280
Chubut,26,40-44,2017,281
Chubut,26,40-44,2018,317
Chubut,26,40-44,2019,306
Chubut,26,40-44,2020,256
Chubut,26,40-44,2021,278
Chubut,26,40-44,2022,275
Chubut,26,40-44,2023,226
Chubut,26,40-44,2024,229
Chubut,26,45-49,2012,17
Chubut,26,45-49,2013,17
Chubut,26,45-49,2014,12
Chubut,26,45-49,2015,17
Chubut,26,45-49,2016,18
Chubut,26,45-49,2017,10
Chubut,26,45-49,2018,18
Chubut,26,45-49,2019,16
Chubut,26,45-49,2020,17
Chubut,26,45-49,2021,7
Chubut,26,45-49,2022,12
Chubut,26,45-49,2023,17
Chubut,26,45-49,2024,15
Ciudad Autónoma de Buenos Aires,2,10-14,2012,50
Ciudad Autónoma de Buenos Aires,2,10-14,2013,58
Ciudad Autónoma de Buenos Aires,2,10-14,2014,42
Ciudad Autónoma de Buenos Aires,2,10-14,2015,45
Ciudad Autónoma de Buenos Aires,2,10-14,2016,33
Ciudad Autónoma de Buenos Aires,2,10-14,2017,34
Ciudad Autónoma de Buenos Aires,2,10-14,2018,40
Ciudad Autónoma de Buenos Aires,2,10-14,2019,28
Ciudad Autónoma de Buenos Aires,2,10-14,2020,18
Ciudad Autónoma de Buenos Aires,2,10-14,2021,11
Ciudad Autónoma de Buenos Aires,2,10-14,2022,11
Ciudad Autónoma de Buenos Aires,2,10-14,2023,12
Ciudad Autónoma de Buenos Aires,2,10-14,2024,14
Ciudad Autónoma de Buenos Aires,2,15-19,2012,2436
Ciudad Autónoma de Buenos Aires,2,15-19,2013,2497
Ciudad Autónoma de Buenos Aires,2,15-19,2014,2564
Ciudad Autónoma de Buenos Aires,2,15-19,2015,2278
Ciudad Autónoma de Buenos Aires,2,15-19,2016,2003
Ciudad Autónoma de Buenos Aires,2,15-19,2017,1818
Ciudad Autónoma de Buenos Aires,2,15-19,2018,1403
Ciudad Autónoma de Buenos Aires,2,15-19,2019,1072
Ciudad Autónoma de Buenos Aires,2,15-19,2020,809
Ciudad Autónoma de Buenos Aires,2,15-19,2021,557
Ciudad Autónoma de Buenos Aires,2,15-19,2022,554
Ciudad Autónoma de Buenos Aires,2,15-19,2023,512
Ciudad Autónoma de Buenos Aires,2,15-19,2024,414
Ciudad Autónoma de Buenos Aires,2,20-24,2012,5894
Ciudad Autónoma de Buenos Aires,2,20-24,2013,6289
Ciudad Autónoma de Buenos Aires,2,20-24,2014,6144
Ciudad Autónoma de Buenos Aires,2,20-24,2015,5895
Ciudad Autónoma de Buenos Aires,2,20-24,2016,5359
Ciudad Autónoma de Buenos Aires,2,20-24,2017,4957
Ciudad Autónoma de Buenos Aires,2,20-24,2018,4635
Ciudad Autónoma de Buenos Aires,2,20-24,2019,3603
Ciudad Autónoma de Buenos Aires,2,20-24,2020,3069
Ciudad Autónoma de Buenos Aires,2,20-24,2021,2347
Ciudad Autónoma de Buenos Aires,2,20-24,2022,2209
Ciudad Autónoma de Buenos Aires,2,20-24,2023,2081
Ciudad Autónoma de Buenos Aires,2,20-24,2024,1966
Ciudad Autónoma de Buenos Aires,2,25-29,2012,8276
Ciudad Autónoma de Buenos Aires,2,25-29,2013,8805
Ciudad Autónoma de Buenos Aires,2,25-29,2014,8884
Ciudad Autónoma de Buenos Aires,2,25-29,2015,8482
Ciudad Autónoma de Buenos Aires,2,25-29,2016,8087
Ciudad Autónoma de Buenos Aires,2,25-29,2017,7461
Ciudad Autónoma de Buenos Aires,2,25-29,2018,6837
Ciudad Autónoma de Buenos Aires,2,25-29,2019,5895
Ciudad Autónoma de Buenos Aires,2,25-29,2020,4927
Ciudad Autónoma de Buenos Aires,2,25-29,2021,4218
Ciudad Autónoma de Buenos Aires,2,25-29,2022,3796
Ciudad Autónoma de Buenos Aires,2,25-29,2023,3562
Ciudad Autónoma de Buenos Aires,2,25-29,2024,3328
Ciudad Autónoma de Buenos Aires,2,30-34,2012,12611
Ciudad Autónoma de Buenos Aires,2,30-34,2013,12510
Ciudad Autónoma de Buenos Aires,2,30-34,2014,12700
Ciudad Autónoma de Buenos Aires,2,30-34,2015,12317
Ciudad Autónoma de Buenos Aires,2,30-34,2016,11654
Ciudad Autónoma de Buenos Aires,2,30-34,2017,11071
Ciudad Autónoma de Buenos Aires,2,30-34,2018,10470
Ciudad Autónoma de Buenos Aires,2,30-34,2019,9484
Ciudad Autónoma de Buenos Aires,2,30-34,2020,8393
Ciudad Autónoma de Buenos Aires,2,30-34,2021,7637
Ciudad Autónoma de Buenos Aires,2,30-34,2022,6915
Ciudad Autónoma de Buenos Aires,2,30-34,2023,6027
Ciudad Autónoma de Buenos Aires,2,30-34,2024,5379
Ciudad Autónoma de Buenos Aires,2,35-39,2012,8906
Ciudad Autónoma de Buenos Aires,2,35-39,2013,9262
Ciudad Autónoma de Buenos Aires,2,35-39,2014,9488
Ciudad Autónoma de Buenos Aires,2,35-39,2015,9614
Ciudad Autónoma de Buenos Aires,2,35-39,2016,9511
Ciudad Autónoma de Buenos Aires,2,35-39,2017,9186
Ciudad Autónoma de Buenos Aires,2,35-39,2018,8877
Ciudad Autónoma de Buenos Aires,2,35-39,2019,8118
Ciudad Autónoma de Buenos Aires,2,35-39,2020,7378
Ciudad Autónoma de Buenos Aires,2,35-39,2021,7268
Ciudad Autónoma de Buenos Aires,2,35-39,2022,6786
Ciudad Autónoma de Buenos Aires,2,35-39,2023,6112
Ciudad Autónoma de Buenos Aires,2,35-39,2024,5955
Ciudad Autónoma de Buenos Aires,2,40-44,2012,2213
Ciudad Autónoma de Buenos Aires,2,40-44,2013,2326
Ciudad Autónoma de Buenos Aires,2,40-44,2014,2417
Ciudad Autónoma de Buenos Aires,2,40-44,2015,2629
Ciudad Autónoma de Buenos Aires,2,40-44,2016,2554
Ciudad Autónoma de Buenos Aires,2,40-44,2017,2689
Ciudad Autónoma de Buenos Aires,2,40-44,2018,2743
Ciudad Autónoma de Buenos Aires,2,40-44,2019,2664
Ciudad Autónoma de Buenos Aires,2,40-44,2020,2470
Ciudad Autónoma de Buenos Aires,2,40-44,2021,2415
Ciudad Autónoma de Buenos Aires,2,40-44,2022,2343
Ciudad Autónoma de Buenos Aires,2,40-44,2023,2058
Ciudad Autónoma de Buenos Aires,2,40-44,2024,2020
Ciudad Autónoma de Buenos Aires,2,45-49,2012,172
Ciudad Autónoma de Buenos Aires,2,45-49,2013,162
Ciudad Autónoma de Buenos Aires,2,45-49,2014,219
Ciudad Autónoma de Buenos Aires,2,45-49,2015,230
Ciudad Autónoma de Buenos Aires,2,45-49,2016,285
Ciudad Autónoma de Buenos Aires,2,45-49,2017,275
Ciudad Autónoma de Buenos Aires,2,45-49,2018,302
Ciudad Autónoma de Buenos Aires,2,45-49,2019,318
Ciudad Autónoma de Buenos Aires,2,45-49,2020,320
Ciudad Autónoma de Buenos Aires,2,45-49,2021,250
Ciudad Autónoma de Buenos Aires,2,45-49,2022,359
Ciudad Autónoma de Buenos Aires,2,45-49,2023,313
Ciudad Autónoma de Buenos Aires,2,45-49,2024,339
Cordoba,NA,10-14,2012,191
Cordoba,NA,10-14,2013,186
Cordoba,NA,10-14,2014,205
Cordoba,NA,10-14,2015,184
Cordoba,NA,10-14,2016,163
Cordoba,NA,10-14,2017,136
Cordoba,NA,10-14,2018,139
Cordoba,NA,10-14,2019,110
Cordoba,NA,10-14,2020,69
Cordoba,NA,10-14,2021,72
Cordoba,NA,10-14,2022,54
Cordoba,NA,10-14,2023,53
Cordoba,NA,10-14,2024,48
Cordoba,NA,15-19,2012,8088
Cordoba,NA,15-19,2013,8207
Cordoba,NA,15-19,2014,8272
Cordoba,NA,15-19,2015,7750
Cordoba,NA,15-19,2016,7049
Cordoba,NA,15-19,2017,6506
Cordoba,NA,15-19,2018,5954
Cordoba,NA,15-19,2019,5091
Cordoba,NA,15-19,2020,4245
Cordoba,NA,15-19,2021,3550
Cordoba,NA,15-19,2022,3364
Cordoba,NA,15-19,2023,3039
Cordoba,NA,15-19,2024,2534
Cordoba,NA,20-24,2012,12990
Cordoba,NA,20-24,2013,13456
Cordoba,NA,20-24,2014,14358
Cordoba,NA,20-24,2015,13864
Cordoba,NA,20-24,2016,13149
Cordoba,NA,20-24,2017,12711
Cordoba,NA,20-24,2018,12367
Cordoba,NA,20-24,2019,11303
Cordoba,NA,20-24,2020,9994
Cordoba,NA,20-24,2021,9308
Cordoba,NA,20-24,2022,8476
Cordoba,NA,20-24,2023,8275
Cordoba,NA,20-24,2024,7252
Cordoba,NA,25-29,2012,13377
Cordoba,NA,25-29,2013,13338
Cordoba,NA,25-29,2014,14154
Cordoba,NA,25-29,2015,13824
Cordoba,NA,25-29,2016,13631
Cordoba,NA,25-29,2017,13387
Cordoba,NA,25-29,2018,13319
Cordoba,NA,25-29,2019,12414
Cordoba,NA,25-29,2020,11340
Cordoba,NA,25-29,2021,10850
Cordoba,NA,25-29,2022,10302
Cordoba,NA,25-29,2023,9395
Cordoba,NA,25-29,2024,8333
Cordoba,NA,30-34,2012,13374
Cordoba,NA,30-34,2013,13685
Cordoba,NA,30-34,2014,13702
Cordoba,NA,30-34,2015,13350
Cordoba,NA,30-34,2016,12805
Cordoba,NA,30-34,2017,12648
Cordoba,NA,30-34,2018,12251
Cordoba,NA,30-34,2019,11725
Cordoba,NA,30-34,2020,10916
Cordoba,NA,30-34,2021,10613
Cordoba,NA,30-34,2022,9948
Cordoba,NA,30-34,2023,9023
Cordoba,NA,30-34,2024,8012
Cordoba,NA,35-39,2012,6959
Cordoba,NA,35-39,2013,7266
Cordoba,NA,35-39,2014,7751
Cordoba,NA,35-39,2015,8066
Cordoba,NA,35-39,2016,8029
Cordoba,NA,35-39,2017,8275
Cordoba,NA,35-39,2018,7806
Cordoba,NA,35-39,2019,7602
Cordoba,NA,35-39,2020,7027
Cordoba,NA,35-39,2021,6987
Cordoba,NA,35-39,2022,6397
Cordoba,NA,35-39,2023,5702
Cordoba,NA,35-39,2024,5053
Cordoba,NA,40-44,2012,1562
Cordoba,NA,40-44,2013,1563
Cordoba,NA,40-44,2014,1687
Cordoba,NA,40-44,2015,1824
Cordoba,NA,40-44,2016,1831
Cordoba,NA,40-44,2017,1904
Cordoba,NA,40-44,2018,1940
Cordoba,NA,40-44,2019,2014
Cordoba,NA,40-44,2020,1979
Cordoba,NA,40-44,2021,2028
Cordoba,NA,40-44,2022,1803
Cordoba,NA,40-44,2023,1674
Cordoba,NA,40-44,2024,1470
Cordoba,NA,45-49,2012,78
Cordoba,NA,45-49,2013,64
Cordoba,NA,45-49,2014,93
Cordoba,NA,45-49,2015,101
Cordoba,NA,45-49,2016,97
Cordoba,NA,45-49,2017,108
Cordoba,NA,45-49,2018,141
Cordoba,NA,45-49,2019,129
Cordoba,NA,45-49,2020,121
Cordoba,NA,45-49,2021,135
Cordoba,NA,45-49,2022,142
Cordoba,NA,45-49,2023,148
Cordoba,NA,45-49,2024,136
Corrientes,18,10-14,2012,154
Corrientes,18,10-14,2013,180
Corrientes,18,10-14,2014,167
Corrientes,18,10-14,2015,145
Corrientes,18,10-14,2016,117
Corrientes,18,10-14,2017,126
Corrientes,18,10-14,2018,134
Corrientes,18,10-14,2019,95
Corrientes,18,10-14,2020,70
Corrientes,18,10-14,2021,59
Corrientes,18,10-14,2022,52
Corrientes,18,10-14,2023,62
Corrientes,18,10-14,2024,33
Corrientes,18,15-19,2012,3979
Corrientes,18,15-19,2013,4034
Corrientes,18,15-19,2014,4206
Corrientes,18,15-19,2015,3887
Corrientes,18,15-19,2016,3654
Corrientes,18,15-19,2017,3473
Corrientes,18,15-19,2018,3352
Corrientes,18,15-19,2019,2856
Corrientes,18,15-19,2020,2264
Corrientes,18,15-19,2021,1998
Corrientes,18,15-19,2022,1821
Corrientes,18,15-19,2023,1591
Corrientes,18,15-19,2024,1376
Corrientes,18,20-24,2012,5228
Corrientes,18,20-24,2013,5258
Corrientes,18,20-24,2014,5786
Corrientes,18,20-24,2015,5583
Corrientes,18,20-24,2016,5461
Corrientes,18,20-24,2017,5337
Corrientes,18,20-24,2018,5485
Corrientes,18,20-24,2019,4795
Corrientes,18,20-24,2020,4380
Corrientes,18,20-24,2021,4046
Corrientes,18,20-24,2022,3627
Corrientes,18,20-24,2023,3538
Corrientes,18,20-24,2024,3109
Corrientes,18,25-29,2012,4374
Corrientes,18,25-29,2013,4223
Corrientes,18,25-29,2014,4706
Corrientes,18,25-29,2015,4481
Corrientes,18,25-29,2016,4624
Corrientes,18,25-29,2017,4707
Corrientes,18,25-29,2018,4774
Corrientes,18,25-29,2019,4410
Corrientes,18,25-29,2020,4298
Corrientes,18,25-29,2021,4008
Corrientes,18,25-29,2022,3770
Corrientes,18,25-29,2023,3671
Corrientes,18,25-29,2024,3182
Corrientes,18,30-34,2012,3535
Corrientes,18,30-34,2013,3556
Corrientes,18,30-34,2014,3616
Corrientes,18,30-34,2015,3452
Corrientes,18,30-34,2016,3333
Corrientes,18,30-34,2017,3510
Corrientes,18,30-34,2018,3492
Corrientes,18,30-34,2019,3243
Corrientes,18,30-34,2020,3340
Corrientes,18,30-34,2021,3275
Corrientes,18,30-34,2022,3204
Corrientes,18,30-34,2023,3042
Corrientes,18,30-34,2024,2591
Corrientes,18,35-39,2012,1818
Corrientes,18,35-39,2013,1775
Corrientes,18,35-39,2014,2086
Corrientes,18,35-39,2015,2093
Corrientes,18,35-39,2016,2007
Corrientes,18,35-39,2017,2091
Corrientes,18,35-39,2018,2020
Corrientes,18,35-39,2019,1980
Corrientes,18,35-39,2020,1927
Corrientes,18,35-39,2021,1845
Corrientes,18,35-39,2022,1753
Corrientes,18,35-39,2023,1621
Corrientes,18,35-39,2024,1407
Corrientes,18,40-44,2012,519
Corrientes,18,40-44,2013,490
Corrientes,18,40-44,2014,483
Corrientes,18,40-44,2015,462
Corrientes,18,40-44,2016,549
Corrientes,18,40-44,2017,548
Corrientes,18,40-44,2018,497
Corrientes,18,40-44,2019,582
Corrientes,18,40-44,2020,546
Corrientes,18,40-44,2021,510
Corrientes,18,40-44,2022,551
Corrientes,18,40-44,2023,496
Corrientes,18,40-44,2024,448
Corrientes,18,45-49,2012,41
Corrientes,18,45-49,2013,34
Corrientes,18,45-49,2014,26
Corrientes,18,45-49,2015,23
Corrientes,18,45-49,2016,25
Corrientes,18,45-49,2017,33
Corrientes,18,45-49,2018,34
Corrientes,18,45-49,2019,24
Corrientes,18,45-49,2020,32
Corrientes,18,45-49,2021,15
Corrientes,18,45-49,2022,22
Corrientes,18,45-49,2023,27
Corrientes,18,45-49,2024,20
Entre Rios,NA,10-14,2012,142
Entre Rios,NA,10-14,2013,140
Entre Rios,NA,10-14,2014,140
Entre Rios,NA,10-14,2015,129
Entre Rios,NA,10-14,2016,113
Entre Rios,NA,10-14,2017,90
Entre Rios,NA,10-14,2018,76
Entre Rios,NA,10-14,2019,86
Entre Rios,NA,10-14,2020,54
Entre Rios,NA,10-14,2021,48
Entre Rios,NA,10-14,2022,31
Entre Rios,NA,10-14,2023,31
Entre Rios,NA,10-14,2024,31
Entre Rios,NA,15-19,2012,4005
Entre Rios,NA,15-19,2013,3883
Entre Rios,NA,15-19,2014,4130
Entre Rios,NA,15-19,2015,3812
Entre Rios,NA,15-19,2016,3503
Entre Rios,NA,15-19,2017,3237
Entre Rios,NA,15-19,2018,2978
Entre Rios,NA,15-19,2019,2337
Entre Rios,NA,15-19,2020,1876
Entre Rios,NA,15-19,2021,1598
Entre Rios,NA,15-19,2022,1364
Entre Rios,NA,15-19,2023,1251
Entre Rios,NA,15-19,2024,1057
Entre Rios,NA,20-24,2012,5458
Entre Rios,NA,20-24,2013,5552
Entre Rios,NA,20-24,2014,5791
Entre Rios,NA,20-24,2015,5807
Entre Rios,NA,20-24,2016,5506
Entre Rios,NA,20-24,2017,5254
Entre Rios,NA,20-24,2018,5147
Entre Rios,NA,20-24,2019,4610
Entre Rios,NA,20-24,2020,3985
Entre Rios,NA,20-24,2021,3711
Entre Rios,NA,20-24,2022,3394
Entre Rios,NA,20-24,2023,3212
Entre Rios,NA,20-24,2024,2910
Entre Rios,NA,25-29,2012,5012
Entre Rios,NA,25-29,2013,5092
Entre Rios,NA,25-29,2014,5397
Entre Rios,NA,25-29,2015,5350
Entre Rios,NA,25-29,2016,5227
Entre Rios,NA,25-29,2017,5231
Entre Rios,NA,25-29,2018,5122
Entre Rios,NA,25-29,2019,4662
Entre Rios,NA,25-29,2020,4253
Entre Rios,NA,25-29,2021,4119
Entre Rios,NA,25-29,2022,3702
Entre Rios,NA,25-29,2023,3549
Entre Rios,NA,25-29,2024,3168
Entre Rios,NA,30-34,2012,4656
Entre Rios,NA,30-34,2013,4563
Entre Rios,NA,30-34,2014,4739
Entre Rios,NA,30-34,2015,4532
Entre Rios,NA,30-34,2016,4465
Entre Rios,NA,30-34,2017,4474
Entre Rios,NA,30-34,2018,4301
Entre Rios,NA,30-34,2019,4054
Entre Rios,NA,30-34,2020,3867
Entre Rios,NA,30-34,2021,3843
Entre Rios,NA,30-34,2022,3522
Entre Rios,NA,30-34,2023,3137
Entre Rios,NA,30-34,2024,2871
Entre Rios,NA,35-39,2012,2416
Entre Rios,NA,35-39,2013,2471
Entre Rios,NA,35-39,2014,2591
Entre Rios,NA,35-39,2015,2688
Entre Rios,NA,35-39,2016,2723
Entre Rios,NA,35-39,2017,2700
Entre Rios,NA,35-39,2018,2653
Entre Rios,NA,35-39,2019,2395
Entre Rios,NA,35-39,2020,2295
Entre Rios,NA,35-39,2021,2276
Entre Rios,NA,35-39,2022,2193
Entre Rios,NA,35-39,2023,2004
Entre Rios,NA,35-39,2024,1746
Entre Rios,NA,40-44,2012,528
Entre Rios,NA,40-44,2013,582
Entre Rios,NA,40-44,2014,593
Entre Rios,NA,40-44,2015,605
Entre Rios,NA,40-44,2016,617
Entre Rios,NA,40-44,2017,632
Entre Rios,NA,40-44,2018,610
Entre Rios,NA,40-44,2019,604
Entre Rios,NA,40-44,2020,681
Entre Rios,NA,40-44,2021,604
Entre Rios,NA,40-44,2022,569
Entre Rios,NA,40-44,2023,620
Entre Rios,NA,40-44,2024,486
Entre Rios,NA,45-49,2012,31
Entre Rios,NA,45-49,2013,23
Entre Rios,NA,45-49,2014,27
Entre Rios,NA,45-49,2015,32
Entre Rios,NA,45-49,2016,31
Entre Rios,NA,45-49,2017,35
Entre Rios,NA,45-49,2018,38
Entre Rios,NA,45-49,2019,31
Entre Rios,NA,45-49,2020,32
Entre Rios,NA,45-49,2021,29
Entre Rios,NA,45-49,2022,36
Entre Rios,NA,45-49,2023,43
Entre Rios,NA,45-49,2024,34
Formosa,34,10-14,2012,156
Formosa,34,10-14,2013,156
Formosa,34,10-14,2014,163
Formosa,34,10-14,2015,137
Formosa,34,10-14,2016,136
Formosa,34,10-14,2017,112
Formosa,34,10-14,2018,142
Formosa,34,10-14,2019,119
Formosa,34,10-14,2020,81
Formosa,34,10-14,2021,96
Formosa,34,10-14,2022,77
Formosa,34,10-14,2023,70
Formosa,34,10-14,2024,52
Formosa,34,15-19,2012,2605
Formosa,34,15-19,2013,2628
Formosa,34,15-19,2014,2708
Formosa,34,15-19,2015,2639
Formosa,34,15-19,2016,2411
Formosa,34,15-19,2017,2348
Formosa,34,15-19,2018,2337
Formosa,34,15-19,2019,1807
Formosa,34,15-19,2020,1478
Formosa,34,15-19,2021,1322
Formosa,34,15-19,2022,1128
Formosa,34,15-19,2023,1061
Formosa,34,15-19,2024,826
Formosa,34,20-24,2012,3145
Formosa,34,20-24,2013,3166
Formosa,34,20-24,2014,3392
Formosa,34,20-24,2015,3296
Formosa,34,20-24,2016,3178
Formosa,34,20-24,2017,3134
Formosa,34,20-24,2018,3267
Formosa,34,20-24,2019,2815
Formosa,34,20-24,2020,2497
Formosa,34,20-24,2021,2302
Formosa,34,20-24,2022,2163
Formosa,34,20-24,2023,2093
Formosa,34,20-24,2024,1663
Formosa,34,25-29,2012,2219
Formosa,34,25-29,2013,2264
Formosa,34,25-29,2014,2481
Formosa,34,25-29,2015,2326
Formosa,34,25-29,2016,2360
Formosa,34,25-29,2017,2470
Formosa,34,25-29,2018,2437
Formosa,34,25-29,2019,2295
Formosa,34,25-29,2020,2239
Formosa,34,25-29,2021,2100
Formosa,34,25-29,2022,2196
Formosa,34,25-29,2023,1989
Formosa,34,25-29,2024,1652
Formosa,34,30-34,2012,1797
Formosa,34,30-34,2013,1771
Formosa,34,30-34,2014,1806
Formosa,34,30-34,2015,1834
Formosa,34,30-34,2016,1645
Formosa,34,30-34,2017,1717
Formosa,34,30-34,2018,1810
Formosa,34,30-34,2019,1663
Formosa,34,30-34,2020,1548
Formosa,34,30-34,2021,1498
Formosa,34,30-34,2022,1544
Formosa,34,30-34,2023,1479
Formosa,34,30-34,2024,1233
Formosa,34,35-39,2012,940
Formosa,34,35-39,2013,892
Formosa,34,35-39,2014,1027
Formosa,34,35-39,2015,1042
Formosa,34,35-39,2016,925
Formosa,34,35-39,2017,1051
Formosa,34,35-39,2018,996
Formosa,34,35-39,2019,921
Formosa,34,35-39,2020,830
Formosa,34,35-39,2021,872
Formosa,34,35-39,2022,817
Formosa,34,35-39,2023,799
Formosa,34,35-39,2024,632
Formosa,34,40-44,2012,253
Formosa,34,40-44,2013,227
Formosa,34,40-44,2014,244
Formosa,34,40-44,2015,275
Formosa,34,40-44,2016,252
Formosa,34,40-44,2017,257
Formosa,34,40-44,2018,281
Formosa,34,40-44,2019,286
Formosa,34,40-44,2020,258
Formosa,34,40-44,2021,224
Formosa,34,40-44,2022,257
Formosa,34,40-44,2023,230
Formosa,34,40-44,2024,184
Formosa,34,45-49,2012,18
Formosa,34,45-49,2013,10
Formosa,34,45-49,2014,19
Formosa,34,45-49,2015,11
Formosa,34,45-49,2016,14
Formosa,34,45-49,2017,16
Formosa,34,45-49,2018,14
Formosa,34,45-49,2019,8
Formosa,34,45-49,2020,10
Formosa,34,45-49,2021,9
Formosa,34,45-49,2022,12
Formosa,34,45-49,2023,11
Formosa,34,45-49,2024,8
Jujuy,38,10-14,2012,64
Jujuy,38,10-14,2013,67
Jujuy,38,10-14,2014,82
Jujuy,38,10-14,2015,67
Jujuy,38,10-14,2016,47
Jujuy,38,10-14,2017,38
Jujuy,38,10-14,2018,43
Jujuy,38,10-14,2019,30
Jujuy,38,10-14,2020,23
Jujuy,38,10-14,2021,30
Jujuy,38,10-14,2022,16
Jujuy,38,10-14,2023,10
Jujuy,38,10-14,2024,11
Jujuy,38,15-19,2012,2340
Jujuy,38,15-19,2013,2370
Jujuy,38,15-19,2014,2547
Jujuy,38,15-19,2015,2338
Jujuy,38,15-19,2016,2045
Jujuy,38,15-19,2017,1866
Jujuy,38,15-19,2018,1714
Jujuy,38,15-19,2019,1274
Jujuy,38,15-19,2020,952
Jujuy,38,15-19,2021,698
Jujuy,38,15-19,2022,555
Jujuy,38,15-19,2023,442
Jujuy,38,15-19,2024,405
Jujuy,38,20-24,2012,3194
Jujuy,38,20-24,2013,3251
Jujuy,38,20-24,2014,3535
Jujuy,38,20-24,2015,3407
Jujuy,38,20-24,2016,3173
Jujuy,38,20-24,2017,2935
Jujuy,38,20-24,2018,3076
Jujuy,38,20-24,2019,2602
Jujuy,38,20-24,2020,2112
Jujuy,38,20-24,2021,1830
Jujuy,38,20-24,2022,1595
Jujuy,38,20-24,2023,1335
Jujuy,38,20-24,2024,1161
Jujuy,38,25-29,2012,2835
Jujuy,38,25-29,2013,2766
Jujuy,38,25-29,2014,2993
Jujuy,38,25-29,2015,2715
Jujuy,38,25-29,2016,2645
Jujuy,38,25-29,2017,2688
Jujuy,38,25-29,2018,2709
Jujuy,38,25-29,2019,2425
Jujuy,38,25-29,2020,2340
Jujuy,38,25-29,2021,2252
Jujuy,38,25-29,2022,2101
Jujuy,38,25-29,2023,2008
Jujuy,38,25-29,2024,1720
Jujuy,38,30-34,2012,2370
Jujuy,38,30-34,2013,2442
Jujuy,38,30-34,2014,2536
Jujuy,38,30-34,2015,2330
Jujuy,38,30-34,2016,2251
Jujuy,38,30-34,2017,2191
Jujuy,38,30-34,2018,2137
Jujuy,38,30-34,2019,2058
Jujuy,38,30-34,2020,1924
Jujuy,38,30-34,2021,1863
Jujuy,38,30-34,2022,1882
Jujuy,38,30-34,2023,1648
Jujuy,38,30-34,2024,1472
Jujuy,38,35-39,2012,1428
Jujuy,38,35-39,2013,1365
Jujuy,38,35-39,2014,1576
Jujuy,38,35-39,2015,1530
Jujuy,38,35-39,2016,1445
Jujuy,38,35-39,2017,1436
Jujuy,38,35-39,2018,1500
Jujuy,38,35-39,2019,1308
Jujuy,38,35-39,2020,1271
Jujuy,38,35-39,2021,1213
Jujuy,38,35-39,2022,1097
Jujuy,38,35-39,2023,1076
Jujuy,38,35-39,2024,897
Jujuy,38,40-44,2012,329
Jujuy,38,40-44,2013,325
Jujuy,38,40-44,2014,376
Jujuy,38,40-44,2015,391
Jujuy,38,40-44,2016,379
Jujuy,38,40-44,2017,393
Jujuy,38,40-44,2018,421
Jujuy,38,40-44,2019,426
Jujuy,38,40-44,2020,370
Jujuy,38,40-44,2021,337
Jujuy,38,40-44,2022,359
Jujuy,38,40-44,2023,377
Jujuy,38,40-44,2024,256
Jujuy,38,45-49,2012,15
Jujuy,38,45-49,2013,15
Jujuy,38,45-49,2014,17
Jujuy,38,45-49,2015,15
Jujuy,38,45-49,2016,24
Jujuy,38,45-49,2017,16
Jujuy,38,45-49,2018,13
Jujuy,38,45-49,2019,14
Jujuy,38,45-49,2020,19
Jujuy,38,45-49,2021,21
Jujuy,38,45-49,2022,20
Jujuy,38,45-49,2023,17
Jujuy,38,45-49,2024,13
La Pampa,42,10-14,2012,16
La Pampa,42,10-14,2013,28
La Pampa,42,10-14,2014,22
La Pampa,42,10-14,2015,16
La Pampa,42,10-14,2016,15
La Pampa,42,10-14,2017,12
La Pampa,42,10-14,2018,11
La Pampa,42,10-14,2019,10
La Pampa,42,10-14,2020,6
La Pampa,42,10-14,2021,3
La Pampa,42,10-14,2022,6
La Pampa,42,10-14,2023,4
La Pampa,42,10-14,2024,8
La Pampa,42,15-19,2012,843
La Pampa,42,15-19,2013,859
La Pampa,42,15-19,2014,840
La Pampa,42,15-19,2015,736
La Pampa,42,15-19,2016,679
La Pampa,42,15-19,2017,629
La Pampa,42,15-19,2018,534
La Pampa,42,15-19,2019,416
La Pampa,42,15-19,2020,311
La Pampa,42,15-19,2021,276
La Pampa,42,15-19,2022,261
La Pampa,42,15-19,2023,209
La Pampa,42,15-19,2024,222
La Pampa,42,20-24,2012,1400
La Pampa,42,20-24,2013,1486
La Pampa,42,20-24,2014,1489
La Pampa,42,20-24,2015,1334
La Pampa,42,20-24,2016,1245
La Pampa,42,20-24,2017,1226
La Pampa,42,20-24,2018,1114
La Pampa,42,20-24,2019,921
La Pampa,42,20-24,2020,909
La Pampa,42,20-24,2021,833
La Pampa,42,20-24,2022,760
La Pampa,42,20-24,2023,720
La Pampa,42,20-24,2024,655
La Pampa,42,25-29,2012,1251
La Pampa,42,25-29,2013,1320
La Pampa,42,25-29,2014,1429
La Pampa,42,25-29,2015,1417
La Pampa,42,25-29,2016,1354
La Pampa,42,25-29,2017,1279
La Pampa,42,25-29,2018,1265
La Pampa,42,25-29,2019,1111
La Pampa,42,25-29,2020,1006
La Pampa,42,25-29,2021,974
La Pampa,42,25-29,2022,924
La Pampa,42,25-29,2023,863
La Pampa,42,25-29,2024,805
La Pampa,42,30-34,2012,1184
La Pampa,42,30-34,2013,1182
La Pampa,42,30-34,2014,1149
La Pampa,42,30-34,2015,1164
La Pampa,42,30-34,2016,1132
La Pampa,42,30-34,2017,1111
La Pampa,42,30-34,2018,1074
La Pampa,42,30-34,2019,969
La Pampa,42,30-34,2020,982
La Pampa,42,30-34,2021,886
La Pampa,42,30-34,2022,893
La Pampa,42,30-34,2023,801
La Pampa,42,30-34,2024,748
La Pampa,42,35-39,2012,536
La Pampa,42,35-39,2013,600
La Pampa,42,35-39,2014,659
La Pampa,42,35-39,2015,670
La Pampa,42,35-39,2016,673
La Pampa,42,35-39,2017,655
La Pampa,42,35-39,2018,559
La Pampa,42,35-39,2019,641
La Pampa,42,35-39,2020,587
La Pampa,42,35-39,2021,528
La Pampa,42,35-39,2022,502
La Pampa,42,35-39,2023,496
La Pampa,42,35-39,2024,448
La Pampa,42,40-44,2012,103
La Pampa,42,40-44,2013,128
La Pampa,42,40-44,2014,138
La Pampa,42,40-44,2015,147
La Pampa,42,40-44,2016,170
La Pampa,42,40-44,2017,137
La Pampa,42,40-44,2018,159
La Pampa,42,40-44,2019,167
La Pampa,42,40-44,2020,148
La Pampa,42,40-44,2021,158
La Pampa,42,40-44,2022,162
La Pampa,42,40-44,2023,105
La Pampa,42,40-44,2024,106
La Pampa,42,45-49,2012,7
La Pampa,42,45-49,2013,6
La Pampa,42,45-49,2014,12
La Pampa,42,45-49,2015,7
La Pampa,42,45-49,2016,10
La Pampa,42,45-49,2017,6
La Pampa,42,45-49,2018,15
La Pampa,42,45-49,2019,10
La Pampa,42,45-49,2020,15
La Pampa,42,45-49,2021,7
La Pampa,42,45-49,2022,9
La Pampa,42,45-49,2023,5
La Pampa,42,45-49,2024,9
La Rioja,46,10-14,2012,33
La Rioja,46,10-14,2013,43
La Rioja,46,10-14,2014,27
La Rioja,46,10-14,2015,31
La Rioja,46,10-14,2016,15
La Rioja,46,10-14,2017,20
La Rioja,46,10-14,2018,16
La Rioja,46,10-14,2019,19
La Rioja,46,10-14,2020,10
La Rioja,46,10-14,2021,11
La Rioja,46,10-14,2022,6
La Rioja,46,10-14,2023,6
La Rioja,46,10-14,2024,3
La Rioja,46,15-19,2012,1137
La Rioja,46,15-19,2013,1201
La Rioja,46,15-19,2014,1129
La Rioja,46,15-19,2015,1044
La Rioja,46,15-19,2016,899
La Rioja,46,15-19,2017,799
La Rioja,46,15-19,2018,700
La Rioja,46,15-19,2019,566
La Rioja,46,15-19,2020,446
La Rioja,46,15-19,2021,346
La Rioja,46,15-19,2022,322
La Rioja,46,15-19,2023,295
La Rioja,46,15-19,2024,247
La Rioja,46,20-24,2012,1729
La Rioja,46,20-24,2013,1824
La Rioja,46,20-24,2014,1890
La Rioja,46,20-24,2015,1777
La Rioja,46,20-24,2016,1783
La Rioja,46,20-24,2017,1637
La Rioja,46,20-24,2018,1557
La Rioja,46,20-24,2019,1405
La Rioja,46,20-24,2020,1155
La Rioja,46,20-24,2021,1038
La Rioja,46,20-24,2022,973
La Rioja,46,20-24,2023,967
La Rioja,46,20-24,2024,770
La Rioja,46,25-29,2012,1456
La Rioja,46,25-29,2013,1443
La Rioja,46,25-29,2014,1472
La Rioja,46,25-29,2015,1491
La Rioja,46,25-29,2016,1433
La Rioja,46,25-29,2017,1475
La Rioja,46,25-29,2018,1500
La Rioja,46,25-29,2019,1407
La Rioja,46,25-29,2020,1333
La Rioja,46,25-29,2021,1304
La Rioja,46,25-29,2022,1366
La Rioja,46,25-29,2023,1217
La Rioja,46,25-29,2024,1026
La Rioja,46,30-34,2012,1230
La Rioja,46,30-34,2013,1236
La Rioja,46,30-34,2014,1203
La Rioja,46,30-34,2015,1178
La Rioja,46,30-34,2016,1095
La Rioja,46,30-34,2017,1098
La Rioja,46,30-34,2018,1090
La Rioja,46,30-34,2019,1026
La Rioja,46,30-34,2020,1045
La Rioja,46,30-34,2021,995
La Rioja,46,30-34,2022,996
La Rioja,46,30-34,2023,930
La Rioja,46,30-34,2024,826
La Rioja,46,35-39,2012,634
La Rioja,46,35-39,2013,619
La Rioja,46,35-39,2014,694
La Rioja,46,35-39,2015,722
La Rioja,46,35-39,2016,724
La Rioja,46,35-39,2017,668
La Rioja,46,35-39,2018,624
La Rioja,46,35-39,2019,616
La Rioja,46,35-39,2020,558
La Rioja,46,35-39,2021,549
La Rioja,46,35-39,2022,542
La Rioja,46,35-39,2023,479
La Rioja,46,35-39,2024,449
La Rioja,46,40-44,2012,147
La Rioja,46,40-44,2013,120
La Rioja,46,40-44,2014,160
La Rioja,46,40-44,2015,155
La Rioja,46,40-44,2016,145
La Rioja,46,40-44,2017,171
La Rioja,46,40-44,2018,200
La Rioja,46,40-44,2019,192
La Rioja,46,40-44,2020,203
La Rioja,46,40-44,2021,179
La Rioja,46,40-44,2022,193
La Rioja,46,40-44,2023,153
La Rioja,46,40-44,2024,127
La Rioja,46,45-49,2012,9
La Rioja,46,45-49,2013,12
La Rioja,46,45-49,2014,10
La Rioja,46,45-49,2015,6
La Rioja,46,45-49,2016,6
La Rioja,46,45-49,2017,16
La Rioja,46,45-49,2018,5
La Rioja,46,45-49,2019,9
La Rioja,46,45-49,2020,12
La Rioja,46,45-49,2021,9
La Rioja,46,45-49,2022,10
La Rioja,46,45-49,2023,10
La Rioja,46,45-49,2024,14
Mendoza,50,10-14,2012,76
Mendoza,50,10-14,2013,95
Mendoza,50,10-14,2014,121
Mendoza,50,10-14,2015,87
Mendoza,50,10-14,2016,72
Mendoza,50,10-14,2017,65
Mendoza,50,10-14,2018,68
Mendoza,50,10-14,2019,51
Mendoza,50,10-14,2020,30
Mendoza,50,10-14,2021,48
Mendoza,50,10-14,2022,30
Mendoza,50,10-14,2023,41
Mendoza,50,10-14,2024,26
Mendoza,50,15-19,2012,4834
Mendoza,50,15-19,2013,4972
Mendoza,50,15-19,2014,5132
Mendoza,50,15-19,2015,4596
Mendoza,50,15-19,2016,4036
Mendoza,50,15-19,2017,3550
Mendoza,50,15-19,2018,3160
Mendoza,50,15-19,2019,2478
Mendoza,50,15-19,2020,1899
Mendoza,50,15-19,2021,1575
Mendoza,50,15-19,2022,1506
Mendoza,50,15-19,2023,1469
Mendoza,50,15-19,2024,1510
Mendoza,50,20-24,2012,8111
Mendoza,50,20-24,2013,8263
Mendoza,50,20-24,2014,8936
Mendoza,50,20-24,2015,8737
Mendoza,50,20-24,2016,8330
Mendoza,50,20-24,2017,7561
Mendoza,50,20-24,2018,7168
Mendoza,50,20-24,2019,6292
Mendoza,50,20-24,2020,5498
Mendoza,50,20-24,2021,4659
Mendoza,50,20-24,2022,4518
Mendoza,50,20-24,2023,4392
Mendoza,50,20-24,2024,3858
Mendoza,50,25-29,2012,7636
Mendoza,50,25-29,2013,7823
Mendoza,50,25-29,2014,8490
Mendoza,50,25-29,2015,8149
Mendoza,50,25-29,2016,7978
Mendoza,50,25-29,2017,7691
Mendoza,50,25-29,2018,7570
Mendoza,50,25-29,2019,6914
Mendoza,50,25-29,2020,6440
Mendoza,50,25-29,2021,5888
Mendoza,50,25-29,2022,5756
Mendoza,50,25-29,2023,5345
Mendoza,50,25-29,2024,4896
Mendoza,50,30-34,2012,7093
Mendoza,50,30-34,2013,6912
Mendoza,50,30-34,2014,7347
Mendoza,50,30-34,2015,7232
Mendoza,50,30-34,2016,6699
Mendoza,50,30-34,2017,6633
Mendoza,50,30-34,2018,6633
Mendoza,50,30-34,2019,6106
Mendoza,50,30-34,2020,5700
Mendoza,50,30-34,2021,5555
Mendoza,50,30-34,2022,5166
Mendoza,50,30-34,2023,4832
Mendoza,50,30-34,2024,4442
Mendoza,50,35-39,2012,3621
Mendoza,50,35-39,2013,3903
Mendoza,50,35-39,2014,4301
Mendoza,50,35-39,2015,4235
Mendoza,50,35-39,2016,4079
Mendoza,50,35-39,2017,4013
Mendoza,50,35-39,2018,3905
Mendoza,50,35-39,2019,3713
Mendoza,50,35-39,2020,3289
Mendoza,50,35-39,2021,3296
Mendoza,50,35-39,2022,3029
Mendoza,50,35-39,2023,2807
Mendoza,50,35-39,2024,2716
Mendoza,50,40-44,2012,864
Mendoza,50,40-44,2013,957
Mendoza,50,40-44,2014,1028
Mendoza,50,40-44,2015,1030
Mendoza,50,40-44,2016,1053
Mendoza,50,40-44,2017,979
Mendoza,50,40-44,2018,951
Mendoza,50,40-44,2019,970
Mendoza,50,40-44,2020,932
Mendoza,50,40-44,2021,900
Mendoza,50,40-44,2022,875
Mendoza,50,40-44,2023,746
Mendoza,50,40-44,2024,706
Mendoza,50,45-49,2012,55
Mendoza,50,45-49,2013,57
Mendoza,50,45-49,2014,62
Mendoza,50,45-49,2015,79
Mendoza,50,45-49,2016,80
Mendoza,50,45-49,2017,56
Mendoza,50,45-49,2018,84
Mendoza,50,45-49,2019,84
Mendoza,50,45-49,2020,65
Mendoza,50,45-49,2021,68
Mendoza,50,45-49,2022,54
Mendoza,50,45-49,2023,62
Mendoza,50,45-49,2024,61
Misiones,54,10-14,2012,243
Misiones,54,10-14,2013,242
Misiones,54,10-14,2014,249
Misiones,54,10-14,2015,234
Misiones,54,10-14,2016,236
Misiones,54,10-14,2017,204
Misiones,54,10-14,2018,196
Misiones,54,10-14,2019,167
Misiones,54,10-14,2020,140
Misiones,54,10-14,2021,141
Misiones,54,10-14,2022,89
Misiones,54,10-14,2023,104
Misiones,54,10-14,2024,78
Misiones,54,15-19,2012,5517
Misiones,54,15-19,2013,5550
Misiones,54,15-19,2014,5894
Misiones,54,15-19,2015,5529
Misiones,54,15-19,2016,4982
Misiones,54,15-19,2017,4806
Misiones,54,15-19,2018,4410
Misiones,54,15-19,2019,3863
Misiones,54,15-19,2020,3217
Misiones,54,15-19,2021,2998
Misiones,54,15-19,2022,2587
Misiones,54,15-19,2023,2538
Misiones,54,15-19,2024,1924
Misiones,54,20-24,2012,6667
Misiones,54,20-24,2013,6747
Misiones,54,20-24,2014,7163
Misiones,54,20-24,2015,7280
Misiones,54,20-24,2016,6812
Misiones,54,20-24,2017,7004
Misiones,54,20-24,2018,6757
Misiones,54,20-24,2019,6140
Misiones,54,20-24,2020,5662
Misiones,54,20-24,2021,5185
Misiones,54,20-24,2022,4871
Misiones,54,20-24,2023,4830
Misiones,54,20-24,2024,4047
Misiones,54,25-29,2012,5288
Misiones,54,25-29,2013,5238
Misiones,54,25-29,2014,5736
Misiones,54,25-29,2015,5642
Misiones,54,25-29,2016,5423
Misiones,54,25-29,2017,5822
Misiones,54,25-29,2018,5733
Misiones,54,25-29,2019,5468
Misiones,54,25-29,2020,5371
Misiones,54,25-29,2021,5243
Misiones,54,25-29,2022,5075
Misiones,54,25-29,2023,4800
Misiones,54,25-29,2024,4252
Misiones,54,30-34,2012,4081
Misiones,54,30-34,2013,4121
Misiones,54,30-34,2014,4316
Misiones,54,30-34,2015,4143
Misiones,54,30-34,2016,3951
Misiones,54,30-34,2017,4225
Misiones,54,30-34,2018,4193
Misiones,54,30-34,2019,3972
Misiones,54,30-34,2020,3795
Misiones,54,30-34,2021,3984
Misiones,54,30-34,2022,3785
Misiones,54,30-34,2023,3723
Misiones,54,30-34,2024,3264
Misiones,54,35-39,2012,2066
Misiones,54,35-39,2013,2083
Misiones,54,35-39,2014,2274
Misiones,54,35-39,2015,2248
Misiones,54,35-39,2016,2191
Misiones,54,35-39,2017,2252
Misiones,54,35-39,2018,2291
Misiones,54,35-39,2019,2200
Misiones,54,35-39,2020,2106
Misiones,54,35-39,2021,2082
Misiones,54,35-39,2022,1983
Misiones,54,35-39,2023,1962
Misiones,54,35-39,2024,1722
Misiones,54,40-44,2012,557
Misiones,54,40-44,2013,551
Misiones,54,40-44,2014,559
Misiones,54,40-44,2015,542
Misiones,54,40-44,2016,583
Misiones,54,40-44,2017,605
Misiones,54,40-44,2018,611
Misiones,54,40-44,2019,573
Misiones,54,40-44,2020,641
Misiones,54,40-44,2021,565
Misiones,54,40-44,2022,575
Misiones,54,40-44,2023,567
Misiones,54,40-44,2024,458
Misiones,54,45-49,2012,59
Misiones,54,45-49,2013,44
Misiones,54,45-49,2014,33
Misiones,54,45-49,2015,35
Misiones,54,45-49,2016,27
Misiones,54,45-49,2017,36
Misiones,54,45-49,2018,40
Misiones,54,45-49,2019,40
Misiones,54,45-49,2020,38
Misiones,54,45-49,2021,33
Misiones,54,45-49,2022,33
Misiones,54,45-49,2023,28
Misiones,54,45-49,2024,24
Neuquen,NA,10-14,2012,44
Neuquen,NA,10-14,2013,50
Neuquen,NA,10-14,2014,40
Neuquen,NA,10-14,2015,42
Neuquen,NA,10-14,2016,25
Neuquen,NA,10-14,2017,30
Neuquen,NA,10-14,2018,16
Neuquen,NA,10-14,2019,14
Neuquen,NA,10-14,2020,10
Neuquen,NA,10-14,2021,8
Neuquen,NA,10-14,2022,4
Neuquen,NA,10-14,2023,15
Neuquen,NA,10-14,2024,17
Neuquen,NA,15-19,2012,1777
Neuquen,NA,15-19,2013,1678
Neuquen,NA,15-19,2014,1686
Neuquen,NA,15-19,2015,1607
Neuquen,NA,15-19,2016,1484
Neuquen,NA,15-19,2017,1213
Neuquen,NA,15-19,2018,1032
Neuquen,NA,15-19,2019,872
Neuquen,NA,15-19,2020,694
Neuquen,NA,15-19,2021,540
Neuquen,NA,15-19,2022,436
Neuquen,NA,15-19,2023,447
Neuquen,NA,15-19,2024,414
Neuquen,NA,20-24,2012,2840
Neuquen,NA,20-24,2013,2880
Neuquen,NA,20-24,2014,2996
Neuquen,NA,20-24,2015,2844
Neuquen,NA,20-24,2016,2755
Neuquen,NA,20-24,2017,2430
Neuquen,NA,20-24,2018,2344
Neuquen,NA,20-24,2019,2107
Neuquen,NA,20-24,2020,1797
Neuquen,NA,20-24,2021,1569
Neuquen,NA,20-24,2022,1535
Neuquen,NA,20-24,2023,1436
Neuquen,NA,20-24,2024,1343
Neuquen,NA,25-29,2012,2625
Neuquen,NA,25-29,2013,2691
Neuquen,NA,25-29,2014,2912
Neuquen,NA,25-29,2015,2895
Neuquen,NA,25-29,2016,2791
Neuquen,NA,25-29,2017,2707
Neuquen,NA,25-29,2018,2782
Neuquen,NA,25-29,2019,2496
Neuquen,NA,25-29,2020,2224
Neuquen,NA,25-29,2021,1993
Neuquen,NA,25-29,2022,2030
Neuquen,NA,25-29,2023,1819
Neuquen,NA,25-29,2024,1714
Neuquen,NA,30-34,2012,2418
Neuquen,NA,30-34,2013,2395
Neuquen,NA,30-34,2014,2517
Neuquen,NA,30-34,2015,2450
Neuquen,NA,30-34,2016,2403
Neuquen,NA,30-34,2017,2304
Neuquen,NA,30-34,2018,2260
Neuquen,NA,30-34,2019,2213
Neuquen,NA,30-34,2020,2042
Neuquen,NA,30-34,2021,1951
Neuquen,NA,30-34,2022,1926
Neuquen,NA,30-34,2023,1703
Neuquen,NA,30-34,2024,1645
Neuquen,NA,35-39,2012,1231
Neuquen,NA,35-39,2013,1315
Neuquen,NA,35-39,2014,1339
Neuquen,NA,35-39,2015,1489
Neuquen,NA,35-39,2016,1450
Neuquen,NA,35-39,2017,1404
Neuquen,NA,35-39,2018,1386
Neuquen,NA,35-39,2019,1299
Neuquen,NA,35-39,2020,1151
Neuquen,NA,35-39,2021,1170
Neuquen,NA,35-39,2022,1164
Neuquen,NA,35-39,2023,1096
Neuquen,NA,35-39,2024,1045
Neuquen,NA,40-44,2012,314
Neuquen,NA,40-44,2013,316
Neuquen,NA,40-44,2014,326
Neuquen,NA,40-44,2015,287
Neuquen,NA,40-44,2016,321
Neuquen,NA,40-44,2017,364
Neuquen,NA,40-44,2018,341
Neuquen,NA,40-44,2019,383
Neuquen,NA,40-44,2020,347
Neuquen,NA,40-44,2021,329
Neuquen,NA,40-44,2022,294
Neuquen,NA,40-44,2023,337
Neuquen,NA,40-44,2024,289
Neuquen,NA,45-49,2012,16
Neuquen,NA,45-49,2013,20
Neuquen,NA,45-49,2014,20
Neuquen,NA,45-49,2015,19
Neuquen,NA,45-49,2016,25
Neuquen,NA,45-49,2017,24
Neuquen,NA,45-49,2018,22
Neuquen,NA,45-49,2019,29
Neuquen,NA,45-49,2020,20
Neuquen,NA,45-49,2021,17
Neuquen,NA,45-49,2022,18
Neuquen,NA,45-49,2023,29
Neuquen,NA,45-49,2024,26
Rio Negro,NA,10-14,2012,43
Rio Negro,NA,10-14,2013,51
Rio Negro,NA,10-14,2014,37
Rio Negro,NA,10-14,2015,45
Rio Negro,NA,10-14,2016,35
Rio Negro,NA,10-14,2017,29
Rio Negro,NA,10-14,2018,24
Rio Negro,NA,10-14,2019,19
Rio Negro,NA,10-14,2020,16
Rio Negro,NA,10-14,2021,14
Rio Negro,NA,10-14,2022,9
Rio Negro,NA,10-14,2023,9
Rio Negro,NA,10-14,2024,13
Rio Negro,NA,15-19,2012,1812
Rio Negro,NA,15-19,2013,1794
Rio Negro,NA,15-19,2014,1774
Rio Negro,NA,15-19,2015,1659
Rio Negro,NA,15-19,2016,1406
Rio Negro,NA,15-19,2017,1239
Rio Negro,NA,15-19,2018,1049
Rio Negro,NA,15-19,2019,864
Rio Negro,NA,15-19,2020,696
Rio Negro,NA,15-19,2021,562
Rio Negro,NA,15-19,2022,529
Rio Negro,NA,15-19,2023,498
Rio Negro,NA,15-19,2024,412
Rio Negro,NA,20-24,2012,2849
Rio Negro,NA,20-24,2013,2937
Rio Negro,NA,20-24,2014,3018
Rio Negro,NA,20-24,2015,3060
Rio Negro,NA,20-24,2016,2830
Rio Negro,NA,20-24,2017,2659
Rio Negro,NA,20-24,2018,2448
Rio Negro,NA,20-24,2019,2214
Rio Negro,NA,20-24,2020,2020
Rio Negro,NA,20-24,2021,1805
Rio Negro,NA,20-24,2022,1750
Rio Negro,NA,20-24,2023,1565
Rio Negro,NA,20-24,2024,1314
Rio Negro,NA,25-29,2012,2779
Rio Negro,NA,25-29,2013,2819
Rio Negro,NA,25-29,2014,2998
Rio Negro,NA,25-29,2015,3029
Rio Negro,NA,25-29,2016,3072
Rio Negro,NA,25-29,2017,2929
Rio Negro,NA,25-29,2018,2714
Rio Negro,NA,25-29,2019,2563
Rio Negro,NA,25-29,2020,2311
Rio Negro,NA,25-29,2021,2162
Rio Negro,NA,25-29,2022,2205
Rio Negro,NA,25-29,2023,1927
Rio Negro,NA,25-29,2024,1733
Rio Negro,NA,30-34,2012,2433
Rio Negro,NA,30-34,2013,2509
Rio Negro,NA,30-34,2014,2560
Rio Negro,NA,30-34,2015,2617
Rio Negro,NA,30-34,2016,2504
Rio Negro,NA,30-34,2017,2474
Rio Negro,NA,30-34,2018,2382
Rio Negro,NA,30-34,2019,2249
Rio Negro,NA,30-34,2020,2035
Rio Negro,NA,30-34,2021,2074
Rio Negro,NA,30-34,2022,1931
Rio Negro,NA,30-34,2023,1766
Rio Negro,NA,30-34,2024,1683
Rio Negro,NA,35-39,2012,1261
Rio Negro,NA,35-39,2013,1310
Rio Negro,NA,35-39,2014,1513
Rio Negro,NA,35-39,2015,1524
Rio Negro,NA,35-39,2016,1576
Rio Negro,NA,35-39,2017,1479
Rio Negro,NA,35-39,2018,1498
Rio Negro,NA,35-39,2019,1360
Rio Negro,NA,35-39,2020,1318
Rio Negro,NA,35-39,2021,1243
Rio Negro,NA,35-39,2022,1229
Rio Negro,NA,35-39,2023,1133
Rio Negro,NA,35-39,2024,977
Rio Negro,NA,40-44,2012,285
Rio Negro,NA,40-44,2013,332
Rio Negro,NA,40-44,2014,314
Rio Negro,NA,40-44,2015,355
Rio Negro,NA,40-44,2016,339
Rio Negro,NA,40-44,2017,387
Rio Negro,NA,40-44,2018,397
Rio Negro,NA,40-44,2019,369
Rio Negro,NA,40-44,2020,404
Rio Negro,NA,40-44,2021,354
Rio Negro,NA,40-44,2022,330
Rio Negro,NA,40-44,2023,298
Rio Negro,NA,40-44,2024,274
Rio Negro,NA,45-49,2012,26
Rio Negro,NA,45-49,2013,15
Rio Negro,NA,45-49,2014,17
Rio Negro,NA,45-49,2015,25
Rio Negro,NA,45-49,2016,19
Rio Negro,NA,45-49,2017,26
Rio Negro,NA,45-49,2018,16
Rio Negro,NA,45-49,2019,21
Rio Negro,NA,45-49,2020,21
Rio Negro,NA,45-49,2021,23
Rio Negro,NA,45-49,2022,21
Rio Negro,NA,45-49,2023,23
Rio Negro,NA,45-49,2024,21
Salta,66,10-14,2012,216
Salta,66,10-14,2013,224
Salta,66,10-14,2014,211
Salta,66,10-14,2015,203
Salta,66,10-14,2016,188
Salta,66,10-14,2017,191
Salta,66,10-14,2018,190
Salta,66,10-14,2019,143
Salta,66,10-14,2020,112
Salta,66,10-14,2021,111
Salta,66,10-14,2022,80
Salta,66,10-14,2023,62
Salta,66,10-14,2024,67
Salta,66,15-19,2012,5384
Salta,66,15-19,2013,5435
Salta,66,15-19,2014,5708
Salta,66,15-19,2015,5139
Salta,66,15-19,2016,4623
Salta,66,15-19,2017,4474
Salta,66,15-19,2018,4197
Salta,66,15-19,2019,3447
Salta,66,15-19,2020,2812
Salta,66,15-19,2021,2206
Salta,66,15-19,2022,2004
Salta,66,15-19,2023,1741
Salta,66,15-19,2024,1472
Salta,66,20-24,2012,7057
Salta,66,20-24,2013,7165
Salta,66,20-24,2014,7577
Salta,66,20-24,2015,7324
Salta,66,20-24,2016,7015
Salta,66,20-24,2017,6922
Salta,66,20-24,2018,6499
Salta,66,20-24,2019,5786
Salta,66,20-24,2020,4973
Salta,66,20-24,2021,4620
Salta,66,20-24,2022,4336
Salta,66,20-24,2023,3919
Salta,66,20-24,2024,3276
Salta,66,25-29,2012,5760
Salta,66,25-29,2013,5952
Salta,66,25-29,2014,6182
Salta,66,25-29,2015,5970
Salta,66,25-29,2016,5600
Salta,66,25-29,2017,5513
Salta,66,25-29,2018,5726
Salta,66,25-29,2019,5364
Salta,66,25-29,2020,5107
Salta,66,25-29,2021,4885
Salta,66,25-29,2022,4847
Salta,66,25-29,2023,4269
Salta,66,25-29,2024,3703
Salta,66,30-34,2012,4894
Salta,66,30-34,2013,4664
Salta,66,30-34,2014,4811
Salta,66,30-34,2015,4693
Salta,66,30-34,2016,4625
Salta,66,30-34,2017,4576
Salta,66,30-34,2018,4577
Salta,66,30-34,2019,4263
Salta,66,30-34,2020,3877
Salta,66,30-34,2021,3951
Salta,66,30-34,2022,3796
Salta,66,30-34,2023,3407
Salta,66,30-34,2024,2995
Salta,66,35-39,2012,2624
Salta,66,35-39,2013,2716
Salta,66,35-39,2014,2830
Salta,66,35-39,2015,2766
Salta,66,35-39,2016,2804
Salta,66,35-39,2017,2713
Salta,66,35-39,2018,2753
Salta,66,35-39,2019,2574
Salta,66,35-39,2020,2405
Salta,66,35-39,2021,2403
Salta,66,35-39,2022,2261
Salta,66,35-39,2023,2107
Salta,66,35-39,2024,1774
Salta,66,40-44,2012,654
Salta,66,40-44,2013,673
Salta,66,40-44,2014,728
Salta,66,40-44,2015,753
Salta,66,40-44,2016,770
Salta,66,40-44,2017,728
Salta,66,40-44,2018,748
Salta,66,40-44,2019,723
Salta,66,40-44,2020,753
Salta,66,40-44,2021,662
Salta,66,40-44,2022,704
Salta,66,40-44,2023,604
Salta,66,40-44,2024,554
Salta,66,45-49,2012,31
Salta,66,45-49,2013,47
Salta,66,45-49,2014,33
Salta,66,45-49,2015,37
Salta,66,45-49,2016,41
Salta,66,45-49,2017,35
Salta,66,45-49,2018,43
Salta,66,45-49,2019,49
Salta,66,45-49,2020,59
Salta,66,45-49,2021,28
Salta,66,45-49,2022,47
Salta,66,45-49,2023,48
Salta,66,45-49,2024,46
San Juan,70,10-14,2012,49
San Juan,70,10-14,2013,48
San Juan,70,10-14,2014,67
San Juan,70,10-14,2015,58
San Juan,70,10-14,2016,49
San Juan,70,10-14,2017,33
San Juan,70,10-14,2018,35
San Juan,70,10-14,2019,36
San Juan,70,10-14,2020,36
San Juan,70,10-14,2021,21
San Juan,70,10-14,2022,13
San Juan,70,10-14,2023,13
San Juan,70,10-14,2024,16
San Juan,70,15-19,2012,2430
San Juan,70,15-19,2013,2599
San Juan,70,15-19,2014,2684
San Juan,70,15-19,2015,2344
San Juan,70,15-19,2016,2143
San Juan,70,15-19,2017,2035
San Juan,70,15-19,2018,1860
San Juan,70,15-19,2019,1629
San Juan,70,15-19,2020,1336
San Juan,70,15-19,2021,1177
San Juan,70,15-19,2022,1063
San Juan,70,15-19,2023,995
San Juan,70,15-19,2024,931
San Juan,70,20-24,2012,3751
San Juan,70,20-24,2013,3960
San Juan,70,20-24,2014,4126
San Juan,70,20-24,2015,4045
San Juan,70,20-24,2016,3894
San Juan,70,20-24,2017,3682
San Juan,70,20-24,2018,3648
San Juan,70,20-24,2019,3234
San Juan,70,20-24,2020,2844
San Juan,70,20-24,2021,2709
San Juan,70,20-24,2022,2621
San Juan,70,20-24,2023,2418
San Juan,70,20-24,2024,2244
San Juan,70,25-29,2012,3319
San Juan,70,25-29,2013,3426
San Juan,70,25-29,2014,3484
San Juan,70,25-29,2015,3306
San Juan,70,25-29,2016,3333
San Juan,70,25-29,2017,3222
San Juan,70,25-29,2018,3447
San Juan,70,25-29,2019,3232
San Juan,70,25-29,2020,3077
San Juan,70,25-29,2021,2991
San Juan,70,25-29,2022,2849
San Juan,70,25-29,2023,2749
San Juan,70,25-29,2024,2374
San Juan,70,30-34,2012,2822
San Juan,70,30-34,2013,2870
San Juan,70,30-34,2014,2897
San Juan,70,30-34,2015,2788
San Juan,70,30-34,2016,2537
San Juan,70,30-34,2017,2574
San Juan,70,30-34,2018,2511
San Juan,70,30-34,2019,2432
San Juan,70,30-34,2020,2221
San Juan,70,30-34,2021,2233
San Juan,70,30-34,2022,2187
San Juan,70,30-34,2023,1961
San Juan,70,30-34,2024,1793
San Juan,70,35-39,2012,1532
San Juan,70,35-39,2013,1503
San Juan,70,35-39,2014,1581
San Juan,70,35-39,2015,1546
San Juan,70,35-39,2016,1506
San Juan,70,35-39,2017,1502
San Juan,70,35-39,2018,1548
San Juan,70,35-39,2019,1366
San Juan,70,35-39,2020,1288
San Juan,70,35-39,2021,1215
San Juan,70,35-39,2022,1164
San Juan,70,35-39,2023,1111
San Juan,70,35-39,2024,899
San Juan,70,40-44,2012,357
San Juan,70,40-44,2013,349
San Juan,70,40-44,2014,386
San Juan,70,40-44,2015,403
San Juan,70,40-44,2016,354
San Juan,70,40-44,2017,379
San Juan,70,40-44,2018,418
San Juan,70,40-44,2019,386
San Juan,70,40-44,2020,384
San Juan,70,40-44,2021,354
San Juan,70,40-44,2022,355
San Juan,70,40-44,2023,319
San Juan,70,40-44,2024,248
San Juan,70,45-49,2012,19
San Juan,70,45-49,2013,23
San Juan,70,45-49,2014,27
San Juan,70,45-49,2015,32
San Juan,70,45-49,2016,28
San Juan,70,45-49,2017,19
San Juan,70,45-49,2018,17
San Juan,70,45-49,2019,24
San Juan,70,45-49,2020,26
San Juan,70,45-49,2021,25
San Juan,70,45-49,2022,13
San Juan,70,45-49,2023,14
San Juan,70,45-49,2024,12
San Luis,74,10-14,2012,33
San Luis,74,10-14,2013,30
San Luis,74,10-14,2014,36
San Luis,74,10-14,2015,22
San Luis,74,10-14,2016,25
San Luis,74,10-14,2017,18
San Luis,74,10-14,2018,15
San Luis,74,10-14,2019,8
San Luis,74,10-14,2020,12
San Luis,74,10-14,2021,18
San Luis,74,10-14,2022,10
San Luis,74,10-14,2023,2
San Luis,74,10-14,2024,7
San Luis,74,15-19,2012,1268
San Luis,74,15-19,2013,1315
San Luis,74,15-19,2014,1237
San Luis,74,15-19,2015,1197
San Luis,74,15-19,2016,1105
San Luis,74,15-19,2017,949
San Luis,74,15-19,2018,848
San Luis,74,15-19,2019,724
San Luis,74,15-19,2020,641
San Luis,74,15-19,2021,481
San Luis,74,15-19,2022,452
San Luis,74,15-19,2023,368
San Luis,74,15-19,2024,307
San Luis,74,20-24,2012,2019
San Luis,74,20-24,2013,2101
San Luis,74,20-24,2014,2077
San Luis,74,20-24,2015,2093
San Luis,74,20-24,2016,1946
San Luis,74,20-24,2017,1854
San Luis,74,20-24,2018,1791
San Luis,74,20-24,2019,1639
San Luis,74,20-24,2020,1515
San Luis,74,20-24,2021,1419
San Luis,74,20-24,2022,1330
San Luis,74,20-24,2023,1142
San Luis,74,20-24,2024,1038
San Luis,74,25-29,2012,1840
San Luis,74,25-29,2013,1783
San Luis,74,25-29,2014,1860
San Luis,74,25-29,2015,1892
San Luis,74,25-29,2016,1820
San Luis,74,25-29,2017,1788
San Luis,74,25-29,2018,1779
San Luis,74,25-29,2019,1694
San Luis,74,25-29,2020,1619
San Luis,74,25-29,2021,1582
San Luis,74,25-29,2022,1486
San Luis,74,25-29,2023,1388
San Luis,74,25-29,2024,1245
San Luis,74,30-34,2012,1544
San Luis,74,30-34,2013,1561
San Luis,74,30-34,2014,1567
San Luis,74,30-34,2015,1551
San Luis,74,30-34,2016,1486
San Luis,74,30-34,2017,1421
San Luis,74,30-34,2018,1434
San Luis,74,30-34,2019,1409
San Luis,74,30-34,2020,1320
San Luis,74,30-34,2021,1291
San Luis,74,30-34,2022,1242
San Luis,74,30-34,2023,1144
San Luis,74,30-34,2024,942
San Luis,74,35-39,2012,776
San Luis,74,35-39,2013,829
San Luis,74,35-39,2014,910
San Luis,74,35-39,2015,923
San Luis,74,35-39,2016,910
San Luis,74,35-39,2017,916
San Luis,74,35-39,2018,862
San Luis,74,35-39,2019,845
San Luis,74,35-39,2020,819
San Luis,74,35-39,2021,728
San Luis,74,35-39,2022,702
San Luis,74,35-39,2023,627
San Luis,74,35-39,2024,596
San Luis,74,40-44,2012,194
San Luis,74,40-44,2013,191
San Luis,74,40-44,2014,222
San Luis,74,40-44,2015,232
San Luis,74,40-44,2016,220
San Luis,74,40-44,2017,249
San Luis,74,40-44,2018,252
San Luis,74,40-44,2019,251
San Luis,74,40-44,2020,246
San Luis,74,40-44,2021,245
San Luis,74,40-44,2022,216
San Luis,74,40-44,2023,207
San Luis,74,40-44,2024,165
San Luis,74,45-49,2012,7
San Luis,74,45-49,2013,15
San Luis,74,45-49,2014,14
San Luis,74,45-49,2015,16
San Luis,74,45-49,2016,12
San Luis,74,45-49,2017,24
San Luis,74,45-49,2018,20
San Luis,74,45-49,2019,12
San Luis,74,45-49,2020,11
San Luis,74,45-49,2021,14
San Luis,74,45-49,2022,16
San Luis,74,45-49,2023,16
San Luis,74,45-49,2024,15
Santa Cruz,78,10-14,2012,24
Santa Cruz,78,10-14,2013,31
Santa Cruz,78,10-14,2014,25
Santa Cruz,78,10-14,2015,21
Santa Cruz,78,10-14,2016,21
Santa Cruz,78,10-14,2017,22
Santa Cruz,78,10-14,2018,11
Santa Cruz,78,10-14,2019,12
Santa Cruz,78,10-14,2020,7
Santa Cruz,78,10-14,2021,2
Santa Cruz,78,10-14,2022,9
Santa Cruz,78,10-14,2023,2
Santa Cruz,78,10-14,2024,0
Santa Cruz,78,15-19,2012,803
Santa Cruz,78,15-19,2013,863
Santa Cruz,78,15-19,2014,803
Santa Cruz,78,15-19,2015,841
Santa Cruz,78,15-19,2016,752
Santa Cruz,78,15-19,2017,664
Santa Cruz,78,15-19,2018,518
Santa Cruz,78,15-19,2019,456
Santa Cruz,78,15-19,2020,348
Santa Cruz,78,15-19,2021,279
Santa Cruz,78,15-19,2022,279
Santa Cruz,78,15-19,2023,243
Santa Cruz,78,15-19,2024,184
Santa Cruz,78,20-24,2012,1573
Santa Cruz,78,20-24,2013,1546
Santa Cruz,78,20-24,2014,1618
Santa Cruz,78,20-24,2015,1664
Santa Cruz,78,20-24,2016,1577
Santa Cruz,78,20-24,2017,1450
Santa Cruz,78,20-24,2018,1261
Santa Cruz,78,20-24,2019,1119
Santa Cruz,78,20-24,2020,1025
Santa Cruz,78,20-24,2021,789
Santa Cruz,78,20-24,2022,804
Santa Cruz,78,20-24,2023,730
Santa Cruz,78,20-24,2024,612
Santa Cruz,78,25-29,2012,1457
Santa Cruz,78,25-29,2013,1515
Santa Cruz,78,25-29,2014,1563
Santa Cruz,78,25-29,2015,1677
Santa Cruz,78,25-29,2016,1640
Santa Cruz,78,25-29,2017,1533
Santa Cruz,78,25-29,2018,1396
Santa Cruz,78,25-29,2019,1273
Santa Cruz,78,25-29,2020,1206
Santa Cruz,78,25-29,2021,897
Santa Cruz,78,25-29,2022,984
Santa Cruz,78,25-29,2023,849
Santa Cruz,78,25-29,2024,778
Santa Cruz,78,30-34,2012,1174
Santa Cruz,78,30-34,2013,1197
Santa Cruz,78,30-34,2014,1252
Santa Cruz,78,30-34,2015,1211
Santa Cruz,78,30-34,2016,1256
Santa Cruz,78,30-34,2017,1148
Santa Cruz,78,30-34,2018,1086
Santa Cruz,78,30-34,2019,1037
Santa Cruz,78,30-34,2020,970
Santa Cruz,78,30-34,2021,804
Santa Cruz,78,30-34,2022,869
Santa Cruz,78,30-34,2023,712
Santa Cruz,78,30-34,2024,628
Santa Cruz,78,35-39,2012,569
Santa Cruz,78,35-39,2013,588
Santa Cruz,78,35-39,2014,665
Santa Cruz,78,35-39,2015,665
Santa Cruz,78,35-39,2016,722
Santa Cruz,78,35-39,2017,720
Santa Cruz,78,35-39,2018,624
Santa Cruz,78,35-39,2019,594
Santa Cruz,78,35-39,2020,495
Santa Cruz,78,35-39,2021,497
Santa Cruz,78,35-39,2022,492
Santa Cruz,78,35-39,2023,430
Santa Cruz,78,35-39,2024,336
Santa Cruz,78,40-44,2012,139
Santa Cruz,78,40-44,2013,129
Santa Cruz,78,40-44,2014,134
Santa Cruz,78,40-44,2015,168
Santa Cruz,78,40-44,2016,158
Santa Cruz,78,40-44,2017,166
Santa Cruz,78,40-44,2018,135
Santa Cruz,78,40-44,2019,166
Santa Cruz,78,40-44,2020,167
Santa Cruz,78,40-44,2021,146
Santa Cruz,78,40-44,2022,120
Santa Cruz,78,40-44,2023,129
Santa Cruz,78,40-44,2024,100
Santa Cruz,78,45-49,2012,2
Santa Cruz,78,45-49,2013,5
Santa Cruz,78,45-49,2014,15
Santa Cruz,78,45-49,2015,14
Santa Cruz,78,45-49,2016,4
Santa Cruz,78,45-49,2017,7
Santa Cruz,78,45-49,2018,7
Santa Cruz,78,45-49,2019,10
Santa Cruz,78,45-49,2020,9
Santa Cruz,78,45-49,2021,3
Santa Cruz,78,45-49,2022,12
Santa Cruz,78,45-49,2023,12
Santa Cruz,78,45-49,2024,11
Santa Fe,82,10-14,2012,326
Santa Fe,82,10-14,2013,289
Santa Fe,82,10-14,2014,307
Santa Fe,82,10-14,2015,278
Santa Fe,82,10-14,2016,240
Santa Fe,82,10-14,2017,256
Santa Fe,82,10-14,2018,163
Santa Fe,82,10-14,2019,139
Santa Fe,82,10-14,2020,95
Santa Fe,82,10-14,2021,119
Santa Fe,82,10-14,2022,97
Santa Fe,82,10-14,2023,74
Santa Fe,82,10-14,2024,69
Santa Fe,82,15-19,2012,8659
Santa Fe,82,15-19,2013,8726
Santa Fe,82,15-19,2014,8867
Santa Fe,82,15-19,2015,8467
Santa Fe,82,15-19,2016,7440
Santa Fe,82,15-19,2017,6727
Santa Fe,82,15-19,2018,6169
Santa Fe,82,15-19,2019,5019
Santa Fe,82,15-19,2020,4172
Santa Fe,82,15-19,2021,3858
Santa Fe,82,15-19,2022,3836
Santa Fe,82,15-19,2023,3350
Santa Fe,82,15-19,2024,2745
Santa Fe,82,20-24,2012,12466
Santa Fe,82,20-24,2013,13200
Santa Fe,82,20-24,2014,13584
Santa Fe,82,20-24,2015,13371
Santa Fe,82,20-24,2016,12807
Santa Fe,82,20-24,2017,11904
Santa Fe,82,20-24,2018,11323
Santa Fe,82,20-24,2019,10157
Santa Fe,82,20-24,2020,8919
Santa Fe,82,20-24,2021,8861
Santa Fe,82,20-24,2022,8599
Santa Fe,82,20-24,2023,8155
Santa Fe,82,20-24,2024,6852
Santa Fe,82,25-29,2012,12053
Santa Fe,82,25-29,2013,12479
Santa Fe,82,25-29,2014,12874
Santa Fe,82,25-29,2015,12603
Santa Fe,82,25-29,2016,12428
Santa Fe,82,25-29,2017,12412
Santa Fe,82,25-29,2018,11784
Santa Fe,82,25-29,2019,10874
Santa Fe,82,25-29,2020,10121
Santa Fe,82,25-29,2021,10202
Santa Fe,82,25-29,2022,9635
Santa Fe,82,25-29,2023,8644
Santa Fe,82,25-29,2024,7677
Santa Fe,82,30-34,2012,12526
Santa Fe,82,30-34,2013,12611
Santa Fe,82,30-34,2014,12874
Santa Fe,82,30-34,2015,12481
Santa Fe,82,30-34,2016,12074
Santa Fe,82,30-34,2017,11644
Santa Fe,82,30-34,2018,11431
Santa Fe,82,30-34,2019,10774
Santa Fe,82,30-34,2020,9820
Santa Fe,82,30-34,2021,10123
Santa Fe,82,30-34,2022,9502
Santa Fe,82,30-34,2023,8472
Santa Fe,82,30-34,2024,7627
Santa Fe,82,35-39,2012,6202
Santa Fe,82,35-39,2013,6876
Santa Fe,82,35-39,2014,7496
Santa Fe,82,35-39,2015,7808
Santa Fe,82,35-39,2016,7683
Santa Fe,82,35-39,2017,7716
Santa Fe,82,35-39,2018,7783
Santa Fe,82,35-39,2019,7118
Santa Fe,82,35-39,2020,6717
Santa Fe,82,35-39,2021,6766
Santa Fe,82,35-39,2022,6377
Santa Fe,82,35-39,2023,5799
Santa Fe,82,35-39,2024,5385
Santa Fe,82,40-44,2012,1341
Santa Fe,82,40-44,2013,1347
Santa Fe,82,40-44,2014,1589
Santa Fe,82,40-44,2015,1644
Santa Fe,82,40-44,2016,1600
Santa Fe,82,40-44,2017,1782
Santa Fe,82,40-44,2018,1835
Santa Fe,82,40-44,2019,1861
Santa Fe,82,40-44,2020,1872
Santa Fe,82,40-44,2021,2004
Santa Fe,82,40-44,2022,1815
Santa Fe,82,40-44,2023,1664
Santa Fe,82,40-44,2024,1592
Santa Fe,82,45-49,2012,75
Santa Fe,82,45-49,2013,85
Santa Fe,82,45-49,2014,89
Santa Fe,82,45-49,2015,102
Santa Fe,82,45-49,2016,96
Santa Fe,82,45-49,2017,126
Santa Fe,82,45-49,2018,140
Santa Fe,82,45-49,2019,140
Santa Fe,82,45-49,2020,157
Santa Fe,82,45-49,2021,125
Santa Fe,82,45-49,2022,159
Santa Fe,82,45-49,2023,142
Santa Fe,82,45-49,2024,145
Santiago del Estero,86,10-14,2012,161
Santiago del Estero,86,10-14,2013,134
Santiago del Estero,86,10-14,2014,138
Santiago del Estero,86,10-14,2015,127
Santiago del Estero,86,10-14,2016,101
Santiago del Estero,86,10-14,2017,127
Santiago del Estero,86,10-14,2018,96
Santiago del Estero,86,10-14,2019,92
Santiago del Estero,86,10-14,2020,47
Santiago del Estero,86,10-14,2021,61
Santiago del Estero,86,10-14,2022,53
Santiago del Estero,86,10-14,2023,41
Santiago del Estero,86,10-14,2024,34
Santiago del Estero,86,15-19,2012,4036
Santiago del Estero,86,15-19,2013,3973
Santiago del Estero,86,15-19,2014,4103
Santiago del Estero,86,15-19,2015,3953
Santiago del Estero,86,15-19,2016,3523
Santiago del Estero,86,15-19,2017,3442
Santiago del Estero,86,15-19,2018,3244
Santiago del Estero,86,15-19,2019,2854
Santiago del Estero,86,15-19,2020,2155
Santiago del Estero,86,15-19,2021,1807
Santiago del Estero,86,15-19,2022,1623
Santiago del Estero,86,15-19,2023,1556
Santiago del Estero,86,15-19,2024,1353
Santiago del Estero,86,20-24,2012,4884
Santiago del Estero,86,20-24,2013,4873
Santiago del Estero,86,20-24,2014,5412
Santiago del Estero,86,20-24,2015,5209
Santiago del Estero,86,20-24,2016,5035
Santiago del Estero,86,20-24,2017,5138
Santiago del Estero,86,20-24,2018,5248
Santiago del Estero,86,20-24,2019,4842
Santiago del Estero,86,20-24,2020,4042
Santiago del Estero,86,20-24,2021,3826
Santiago del Estero,86,20-24,2022,3690
Santiago del Estero,86,20-24,2023,3481
Santiago del Estero,86,20-24,2024,2930
Santiago del Estero,86,25-29,2012,3946
Santiago del Estero,86,25-29,2013,3906
Santiago del Estero,86,25-29,2014,4368
Santiago del Estero,86,25-29,2015,4176
Santiago del Estero,86,25-29,2016,4160
Santiago del Estero,86,25-29,2017,4220
Santiago del Estero,86,25-29,2018,4367
Santiago del Estero,86,25-29,2019,4254
Santiago del Estero,86,25-29,2020,4034
Santiago del Estero,86,25-29,2021,3786
Santiago del Estero,86,25-29,2022,3873
Santiago del Estero,86,25-29,2023,3574
Santiago del Estero,86,25-29,2024,3252
Santiago del Estero,86,30-34,2012,3298
Santiago del Estero,86,30-34,2013,3249
Santiago del Estero,86,30-34,2014,3456
Santiago del Estero,86,30-34,2015,3248
Santiago del Estero,86,30-34,2016,3167
Santiago del Estero,86,30-34,2017,3203
Santiago del Estero,86,30-34,2018,3210
Santiago del Estero,86,30-34,2019,3118
Santiago del Estero,86,30-34,2020,2895
Santiago del Estero,86,30-34,2021,2966
Santiago del Estero,86,30-34,2022,2969
Santiago del Estero,86,30-34,2023,2681
Santiago del Estero,86,30-34,2024,2484
Santiago del Estero,86,35-39,2012,1749
Santiago del Estero,86,35-39,2013,1709
Santiago del Estero,86,35-39,2014,1961
Santiago del Estero,86,35-39,2015,1976
Santiago del Estero,86,35-39,2016,1898
Santiago del Estero,86,35-39,2017,1871
Santiago del Estero,86,35-39,2018,2011
Santiago del Estero,86,35-39,2019,1972
Santiago del Estero,86,35-39,2020,1709
Santiago del Estero,86,35-39,2021,1775
Santiago del Estero,86,35-39,2022,1712
Santiago del Estero,86,35-39,2023,1476
Santiago del Estero,86,35-39,2024,1357
Santiago del Estero,86,40-44,2012,392
Santiago del Estero,86,40-44,2013,415
Santiago del Estero,86,40-44,2014,488
Santiago del Estero,86,40-44,2015,474
Santiago del Estero,86,40-44,2016,446
Santiago del Estero,86,40-44,2017,516
Santiago del Estero,86,40-44,2018,566
Santiago del Estero,86,40-44,2019,527
Santiago del Estero,86,40-44,2020,544
Santiago del Estero,86,40-44,2021,482
Santiago del Estero,86,40-44,2022,511
Santiago del Estero,86,40-44,2023,478
Santiago del Estero,86,40-44,2024,389
Santiago del Estero,86,45-49,2012,18
Santiago del Estero,86,45-49,2013,18
Santiago del Estero,86,45-49,2014,22
Santiago del Estero,86,45-49,2015,23
Santiago del Estero,86,45-49,2016,20
Santiago del Estero,86,45-49,2017,21
Santiago del Estero,86,45-49,2018,20
Santiago del Estero,86,45-49,2019,26
Santiago del Estero,86,45-49,2020,17
Santiago del Estero,86,45-49,2021,29
Santiago del Estero,86,45-49,2022,21
Santiago del Estero,86,45-49,2023,35
Santiago del Estero,86,45-49,2024,33
Tucuman,NA,10-14,2012,141
Tucuman,NA,10-14,2013,137
Tucuman,NA,10-14,2014,152
Tucuman,NA,10-14,2015,162
Tucuman,NA,10-14,2016,126
Tucuman,NA,10-14,2017,124
Tucuman,NA,10-14,2018,90
Tucuman,NA,10-14,2019,68
Tucuman,NA,10-14,2020,50
Tucuman,NA,10-14,2021,50
Tucuman,NA,10-14,2022,33
Tucuman,NA,10-14,2023,42
Tucuman,NA,10-14,2024,25
Tucuman,NA,15-19,2012,5107
Tucuman,NA,15-19,2013,5289
Tucuman,NA,15-19,2014,5528
Tucuman,NA,15-19,2015,5003
Tucuman,NA,15-19,2016,4419
Tucuman,NA,15-19,2017,4111
Tucuman,NA,15-19,2018,4046
Tucuman,NA,15-19,2019,3058
Tucuman,NA,15-19,2020,2269
Tucuman,NA,15-19,2021,1813
Tucuman,NA,15-19,2022,1706
Tucuman,NA,15-19,2023,1550
Tucuman,NA,15-19,2024,1235
Tucuman,NA,20-24,2012,7130
Tucuman,NA,20-24,2013,7338
Tucuman,NA,20-24,2014,8071
Tucuman,NA,20-24,2015,7623
Tucuman,NA,20-24,2016,7410
Tucuman,NA,20-24,2017,6989
Tucuman,NA,20-24,2018,7259
Tucuman,NA,20-24,2019,6226
Tucuman,NA,20-24,2020,5406
Tucuman,NA,20-24,2021,5115
Tucuman,NA,20-24,2022,4727
Tucuman,NA,20-24,2023,4304
Tucuman,NA,20-24,2024,3760
Tucuman,NA,25-29,2012,6469
Tucuman,NA,25-29,2013,6595
Tucuman,NA,25-29,2014,6969
Tucuman,NA,25-29,2015,6508
Tucuman,NA,25-29,2016,6336
Tucuman,NA,25-29,2017,6227
Tucuman,NA,25-29,2018,6454
Tucuman,NA,25-29,2019,6201
Tucuman,NA,25-29,2020,5678
Tucuman,NA,25-29,2021,5786
Tucuman,NA,25-29,2022,5557
Tucuman,NA,25-29,2023,4897
Tucuman,NA,25-29,2024,4254
Tucuman,NA,30-34,2012,6109
Tucuman,NA,30-34,2013,5934
Tucuman,NA,30-34,2014,5969
Tucuman,NA,30-34,2015,5616
Tucuman,NA,30-34,2016,5306
Tucuman,NA,30-34,2017,5201
Tucuman,NA,30-34,2018,5270
Tucuman,NA,30-34,2019,5020
Tucuman,NA,30-34,2020,4639
Tucuman,NA,30-34,2021,4654
Tucuman,NA,30-34,2022,4510
Tucuman,NA,30-34,2023,3962
Tucuman,NA,30-34,2024,3581
Tucuman,NA,35-39,2012,3041
Tucuman,NA,35-39,2013,3311
Tucuman,NA,35-39,2014,3437
Tucuman,NA,35-39,2015,3547
Tucuman,NA,35-39,2016,3324
Tucuman,NA,35-39,2017,3382
Tucuman,NA,35-39,2018,3322
Tucuman,NA,35-39,2019,3148
Tucuman,NA,35-39,2020,2785
Tucuman,NA,35-39,2021,2896
Tucuman,NA,35-39,2022,2639
Tucuman,NA,35-39,2023,2347
Tucuman,NA,35-39,2024,2189
Tucuman,NA,40-44,2012,714
Tucuman,NA,40-44,2013,731
Tucuman,NA,40-44,2014,725
Tucuman,NA,40-44,2015,811
Tucuman,NA,40-44,2016,835
Tucuman,NA,40-44,2017,773
Tucuman,NA,40-44,2018,892
Tucuman,NA,40-44,2019,847
Tucuman,NA,40-44,2020,855
Tucuman,NA,40-44,2021,839
Tucuman,NA,40-44,2022,807
Tucuman,NA,40-44,2023,718
Tucuman,NA,40-44,2024,576
Tucuman,NA,45-49,2012,46
Tucuman,NA,45-49,2013,57
Tucuman,NA,45-49,2014,41
Tucuman,NA,45-49,2015,36
Tucuman,NA,45-49,2016,39
Tucuman,NA,45-49,2017,52
Tucuman,NA,45-49,2018,46
Tucuman,NA,45-49,2019,48
Tucuman,NA,45-49,2020,41
Tucuman,NA,45-49,2021,41
Tucuman,NA,45-49,2022,51
Tucuman,NA,45-49,2023,35
Tucuman,NA,45-49,2024,41
Tierra del Fuego,94,10-14,2012,7
Tierra del Fuego,94,10-14,2013,8
Tierra del Fuego,94,10-14,2014,15
Tierra del Fuego,94,10-14,2015,4
Tierra del Fuego,94,10-14,2016,5
Tierra del Fuego,94,10-14,2017,2
Tierra del Fuego,94,10-14,2018,5
Tierra del Fuego,94,10-14,2019,1
Tierra del Fuego,94,10-14,2020,2
Tierra del Fuego,94,10-14,2021,0
Tierra del Fuego,94,10-14,2022,1
Tierra del Fuego,94,10-14,2023,2
Tierra del Fuego,94,10-14,2024,0
Tierra del Fuego,94,15-19,2012,369
Tierra del Fuego,94,15-19,2013,308
Tierra del Fuego,94,15-19,2014,353
Tierra del Fuego,94,15-19,2015,293
Tierra del Fuego,94,15-19,2016,275
Tierra del Fuego,94,15-19,2017,230
Tierra del Fuego,94,15-19,2018,210
Tierra del Fuego,94,15-19,2019,152
Tierra del Fuego,94,15-19,2020,109
Tierra del Fuego,94,15-19,2021,72
Tierra del Fuego,94,15-19,2022,75
Tierra del Fuego,94,15-19,2023,64
Tierra del Fuego,94,15-19,2024,49
Tierra del Fuego,94,20-24,2012,700
Tierra del Fuego,94,20-24,2013,693
Tierra del Fuego,94,20-24,2014,721
Tierra del Fuego,94,20-24,2015,655
Tierra del Fuego,94,20-24,2016,676
Tierra del Fuego,94,20-24,2017,635
Tierra del Fuego,94,20-24,2018,586
Tierra del Fuego,94,20-24,2019,466
Tierra del Fuego,94,20-24,2020,359
Tierra del Fuego,94,20-24,2021,260
Tierra del Fuego,94,20-24,2022,242
Tierra del Fuego,94,20-24,2023,255
Tierra del Fuego,94,20-24,2024,232
Tierra del Fuego,94,25-29,2012,696
Tierra del Fuego,94,25-29,2013,761
Tierra del Fuego,94,25-29,2014,815
Tierra del Fuego,94,25-29,2015,786
Tierra del Fuego,94,25-29,2016,787
Tierra del Fuego,94,25-29,2017,723
Tierra del Fuego,94,25-29,2018,740
Tierra del Fuego,94,25-29,2019,669
Tierra del Fuego,94,25-29,2020,506
Tierra del Fuego,94,25-29,2021,455
Tierra del Fuego,94,25-29,2022,401
Tierra del Fuego,94,25-29,2023,366
Tierra del Fuego,94,25-29,2024,340
Tierra del Fuego,94,30-34,2012,577
Tierra del Fuego,94,30-34,2013,640
Tierra del Fuego,94,30-34,2014,644
Tierra del Fuego,94,30-34,2015,715
Tierra del Fuego,94,30-34,2016,651
Tierra del Fuego,94,30-34,2017,632
Tierra del Fuego,94,30-34,2018,634
Tierra del Fuego,94,30-34,2019,612
Tierra del Fuego,94,30-34,2020,532
Tierra del Fuego,94,30-34,2021,501
Tierra del Fuego,94,30-34,2022,441
Tierra del Fuego,94,30-34,2023,390
Tierra del Fuego,94,30-34,2024,326
Tierra del Fuego,94,35-39,2012,282
Tierra del Fuego,94,35-39,2013,322
Tierra del Fuego,94,35-39,2014,355
Tierra del Fuego,94,35-39,2015,369
Tierra del Fuego,94,35-39,2016,368
Tierra del Fuego,94,35-39,2017,345
Tierra del Fuego,94,35-39,2018,360
Tierra del Fuego,94,35-39,2019,349
Tierra del Fuego,94,35-39,2020,288
Tierra del Fuego,94,35-39,2021,308
Tierra del Fuego,94,35-39,2022,289
Tierra del Fuego,94,35-39,2023,250
Tierra del Fuego,94,35-39,2024,248
Tierra del Fuego,94,40-44,2012,72
Tierra del Fuego,94,40-44,2013,85
Tierra del Fuego,94,40-44,2014,73
Tierra del Fuego,94,40-44,2015,105
Tierra del Fuego,94,40-44,2016,89
Tierra del Fuego,94,40-44,2017,79
Tierra del Fuego,94,40-44,2018,119
Tierra del Fuego,94,40-44,2019,87
Tierra del Fuego,94,40-44,2020,89
Tierra del Fuego,94,40-44,2021,74
Tierra del Fuego,94,40-44,2022,69
Tierra del Fuego,94,40-44,2023,74
Tierra del Fuego,94,40-44,2024,60
Tierra del Fuego,94,45-49,2012,1
Tierra del Fuego,94,45-49,2013,4
Tierra del Fuego,94,45-49,2014,4
Tierra del Fuego,94,45-49,2015,2
Tierra del Fuego,94,45-49,2016,2
Tierra del Fuego,94,45-49,2017,6
Tierra del Fuego,94,45-49,2018,11
Tierra del Fuego,94,45-49,2019,4
Tierra del Fuego,94,45-49,2020,2
Tierra del Fuego,94,45-49,2021,2
Tierra del Fuego,94,45-49,2022,3
Tierra del Fuego,94,45-49,2023,10
Tierra del Fuego,94,45-49,2024,4
