indice_tiempo,nivel_gral_mod_decreto,sector_priv_regis_mod_decreto,sector_priv_no_regis_mod_decreto,sector_pub_mod_decreto,nivel_gral_sin_mod_decreto,sector_priv_regis_sin_mod_decreto,sector_priv_no_regis_sin_mod_decreto,sector_pub_sin_mod_decreto
2001-10-01,17.339436815092245,14.231431539698582,17.011431682090365,27.92750020945625,17.339436815092245,14.231431539698582,17.011431682090365,27.92750020945625
2002-01-01,17.257335044157767,14.183519053514928,16.79992288150971,27.874437959058287,17.257335044157767,14.183519053514928,16.79992288150971,27.874437959058287
2002-04-01,17.245522552827484,14.251829924905481,16.498820540736705,27.91539829269882,17.245522552827484,14.251829924905481,16.498820540736705,27.91539829269882
2002-07-01,18.418054226198734,16.252294818335777,16.161427145708583,28.015006376779215,18.418054226198734,16.252294818335777,16.161427145708583,28.015006376779215
2002-10-01,18.56356173995469,16.53089880977795,15.976569588096533,28.083894210629207,18.56356173995469,16.53089880977795,15.976569588096533,28.083894210629207
2003-01-01,19.279714419475656,17.271739697629517,16.08260751224823,29.38624663706352,19.279714419475656,17.271739697629517,16.08260751224823,29.38624663706352
2003-04-01,19.798823732635128,18.14104720091461,16.125703139176192,29.27360571955204,19.798823732635128,18.14104720091461,16.125703139176192,29.27360571955204
2003-07-01,20.34715053429972,18.82532976124402,16.547586644892032,29.512851304679725,20.34715053429972,18.82532976124402,16.547586644892032,29.512851304679725
2003-10-01,20.771498705322053,19.140801039843268,17.54615768463074,29.667383472505378,20.771498705322053,19.140801039843268,17.54615768463074,29.667383472505378
2004-01-01,21.733927093448006,20.466221697240528,18.2351206677554,29.73440947300807,21.733927093448006,20.466221697240528,18.2351206677554,29.73440947300807
2004-04-01,22.14284187589587,20.86280425614679,18.70180094356741,30.120739892572214,22.14284187589587,20.86280425614679,18.70180094356741,30.120739892572214
2004-07-01,22.488309751699262,21.044966579854933,19.15827436037017,30.88222973161672,22.488309751699262,21.044966579854933,19.15827436037017,30.88222973161672
2004-10-01,22.725653176584828,21.295914156004958,19.537629286880783,30.919466398562665,22.725653176584828,21.295914156004958,19.537629286880783,30.919466398562665
2005-01-01,24.042546065103807,22.87702620006547,19.945336599528215,32.361456326044255,24.042546065103807,22.87702620006547,19.945336599528215,32.361456326044255
2005-04-01,24.95191779950987,23.922087656130667,20.832766285610592,32.84832574636245,24.95191779950987,23.922087656130667,20.832766285610592,32.84832574636245
2005-07-01,26.05985706524252,25.284510035531145,21.114021956087825,34.02314258850691,26.05985706524252,25.284510035531145,21.114021956087825,34.02314258850691
2005-10-01,27.16642449253248,26.571031446719896,21.86536018871348,34.92613176194599,27.16642449253248,26.571031446719896,21.86536018871348,34.92613176194599
2006-01-01,28.18406551995191,27.675864915251825,23.345921792778082,35.15048268029528,28.18406551995191,27.675864915251825,23.345921792778082,35.15048268029528
2006-04-01,29.30946893928886,29.022775034274034,24.427848847759027,35.594529933625644,29.30946893928886,29.022775034274034,24.427848847759027,35.594529933625644
2006-07-01,30.76215494520738,30.627463816585315,25.139493739793142,37.35768611351599,30.76215494520738,30.627463816585315,25.139493739793142,37.35768611351599
2006-10-01,32.284454790308416,31.787325487070746,26.579794955543452,40.16253805121904,32.284454790308416,31.787325487070746,26.579794955543452,40.16253805121904
2007-01-01,33.449144782194494,32.759806642283486,28.355788423153694,41.29113037178525,33.449144782194494,32.759806642283486,28.355788423153694,41.29113037178525
2007-04-01,34.9361492578721,34.27118467179948,29.518236254763195,43.05303432289776,34.9361492578721,34.27118467179948,29.518236254763195,43.05303432289776
2007-07-01,37.5259373121561,36.313869478797535,30.978951188532026,48.67856378175589,37.5259373121561,36.313869478797535,30.978951188532026,48.67856378175589
2007-10-01,39.50430046932076,38.11461994962074,32.780461803665396,51.435008052429225,39.50430046932076,38.11461994962074,32.780461803665396,51.435008052429225
2008-01-01,40.22267865399732,37.813862363081775,35.49151696606786,53.32756164995671,41.16671290516484,39.358447066190394,35.49151696606786,53.32756164995671
2008-04-01,42.84141229712859,40.463754915773656,38.923856831790964,54.95387307882072,43.85201368659546,42.116972879635306,38.923856831790964,54.95387307882072
2008-07-01,46.28712512137606,43.426738962338895,42.01993739793141,60.37087720278157,47.37070225542302,45.200148888164954,42.01993739793141,60.37087720278157
2008-10-01,48.589615758080186,45.38783022850936,45.35417800762112,62.66837955334618,49.72236887479679,47.24132488553971,45.35417800762112,62.66837955334618
2009-01-01,50.02148494851957,46.3949412004687,48.66744410682185,63.440109475800824,51.17937146359164,48.28956306706525,48.66743785156959,63.440109475800824
2009-04-01,51.627695820039776,48.01020868022448,51.0484712393395,64.16901723126763,52.825896157948414,49.97079293427885,51.0484712393395,64.16901723126763
2009-07-01,54.28974135340084,50.792453546235556,52.81595899110869,67.41419275560645,55.557378730435964,52.866655833311974,52.81595899110869,67.41419275560645
2009-10-01,56.64018645674389,53.069956973638654,54.767170205044444,70.4415337783115,57.964663940317145,55.2371652584199,54.767170205044444,70.4415337783115
2010-01-01,58.88462442201878,55.43474651448523,57.81125249500999,71.41527261894788,60.26808587154638,57.6985252842818,57.811082380693165,71.41527261894788
2010-04-01,62.36122321882942,59.070007005185,60.35676351205219,75.38842498207985,63.8353537937237,61.4821565537261,60.356559608056614,75.38842498207985
2010-07-01,67.72977266864307,64.57099009466198,64.48044997642099,81.68318288336194,69.34126437590702,67.20771941428671,64.48069769551806,81.6832835292913
2010-10-01,71.41463283880601,68.41705728971908,67.29948773691383,85.78483613150284,73.12260906094644,71.21156463990643,67.30005897296316,85.78490239338676
2011-01-01,74.51373448915224,71.3561060332782,73.11156964016067,86.44306686318363,76.29166370138601,74.26987236311379,73.11173108328796,86.44306048165629
2011-04-01,79.38164963359118,77.12647716628767,78.41439734358539,87.86551515891176,81.30635042781256,80.27588707817584,78.41419433859554,87.86550115899126
2011-07-01,87.13370510046218,86.6598135860284,83.95908719995994,92.17047807295916,89.29671507774555,90.19884644422332,83.95935401923425,92.17099077461576
2011-10-01,91.62000596239817,91.89215096817445,88.61224628698892,94.01929278035134,93.91354407099607,95.64494495681247,88.61198058428597,94.01979128848177
2012-01-01,95.84171015601216,96.25894010444945,95.79488039028469,94.52474751860541,98.24419864000781,100.1899437608363,95.7947740881873,94.52527904227293
2012-04-01,102.2348732509246,103.21013453091273,101.24664088501424,100.81708640296556,104.60001805896434,107.42447466818555,101.246719194246,100.81581692122965
2012-07-01,109.04333333333334,110.64333333333333,109.24000000000001,105.53666666666668,111.58110243070098,115.1611904479238,109.24008449169669,105.53533775630456
2012-10-01,114.55333333333334,115.89,117.58,109.75333333333333,117.21154365453476,120.62209225749304,117.58009094227116,109.751951326998
2013-01-01,118.77,119.60666666666667,124.38333333333333,113.32666666666665,121.51090754947893,124.4905201594433,124.38342953764379,113.32523966516669
2013-04-01,127.60666666666668,128.12333333333333,132.77666666666667,123.13666666666666,130.5443327075726,133.35494463431584,132.77676936280224,123.13511613832937
2013-07-01,136.69333333333333,138.29999999999998,139.41666666666666,131.51,139.86235921437122,143.947151257324,139.41677449851127,131.50834403523208
2013-10-01,144.35333333333332,145.11666666666667,151.37666666666667,138.14333333333335,147.6838722183233,151.0421602792866,151.37678374897524,138.14159384209373
2014-01-01,152.75666666666666,151.24666666666664,164.16,148.49333333333334,156.22785324465013,157.43394247953742,164.1567497016988,148.47877799512705
2014-04-01,169.65666666666667,167.48666666666668,185.89333333333332,163.63666666666666,173.50878426243756,174.32558597434328,185.8934771125636,163.63460616514791
2014-07-01,184.54333333333332,182.24,200.01333333333332,179.3033333333333,188.7240682594114,189.68133655195035,200.01348803368003,179.30107555823824
2014-10-01,193.65,191.87,211.6966666666667,185.60333333333335,198.04784719592453,199.70455467637575,211.69683040348954,185.60099622907663
