indice_tiempo,ventas_precios_corrientes,ventas_precios_constantes,ventas_precios_constantes_original,ventas_precios_constantes_desestacionalizada,ventas_precios_constantes_tendencia_ciclo,ventas_totales_canal_venta,salon_ventas,canales_on_line,ventas_totales_medio_pago,efectivo,tarjetas_debito,tarjetas_credito,otros_medios,ventas_totales_grupo_articulos,subtotal_ventas_alimentos_bebidas,bebidas,almacen,panaderia,lacteos,carnes,verduleria_fruteria,alimentos_preparados_rotiseria,articulos_limpieza_perfumeria,indumentaria_calzado_textiles_hogar,electronicos_articulos_hogar,otros
2017-01-01,27858.872082890004,27477.307666370554,99.92587030961087,103.711315881602,99.250870525954,27858872.08289,27591730.12689,267141.956,27858872.08289,10230100.130314,6864575.384024798,9047205.493406398,1716991.0731449006,27858872.08289,18043789.159749996,3514467.397929999,6705475.317769996,945906.3068000003,2880656.1690700003,2606192.9418299994,1050313.6382000004,340777.38815,4397543.670590001,772371.8476499999,1838507.0955300005,2806660.3093699994
2017-02-01,25994.200168069103,25223.428860347456,91.7292593461615,99.2028083543713,99.1013672210494,25994200.16707,25749179.39807,245020.769,25994200.16707,9719067.340596005,6438494.010723001,8309150.301222395,1527488.5175299996,25994200.16707,17656879.077489097,3344456.9307400007,6576624.802559997,925618.6147200002,2855639.8995800014,2600083.5910390993,1026166.5437700001,328288.69508000003,4053283.7708199997,672290.51653,1257661.9026000001,2354084.9006299996
2017-03-01,27780.00652224732,26334.26363967878,95.76899764376483,96.3678018543402,99.0023900734029,27780006.52225002,27472228.718250018,307777.804,27780006.52225002,10244442.508284997,6908522.962076997,8845010.493617997,1782030.55727,27780006.52225002,19186248.052730296,3290739.3236800013,7437264.173599998,1016147.66424,3188259.169089998,2824976.7257703007,1075525.8415899999,353335.15475999995,4354197.610579998,667696.6653099998,1305674.9167699998,2266189.276857
2017-04-01,29134.272220610008,27045.88446262117,98.3569269607987,98.6994020077093,98.9570203130302,29134272.21961001,28827479.48661001,306792.733,29134272.21961001,10312632.366428997,7454251.799721999,9458166.681812003,1909221.3736467,29134272.21961001,20257135.097190004,3253288.2368399994,8211244.0929700015,1132396.2324400002,3257140.159270001,3006158.7602199987,1037213.1617099998,359694.4537399999,4355706.64557,838948.2457500004,1535726.3448300003,2146755.8872700003
2017-05-01,27969.00467693989,25631.863991881684,93.21460268762463,98.4076228430696,99.0179092992034,27969004.676939994,27569311.414939996,399693.262,27969004.676939994,10147613.34208,6735747.319130901,9220929.862112993,1864714.1566170002,27969004.676939994,18904574.403351594,2869437.410668201,7651058.083627703,1033081.8497094,3232635.767159099,2799142.1231426005,982651.1605545904,336568.00849,4206101.6051087,915895.1498100001,1824462.0360000003,2117971.4826695994
2017-06-01,29132.712745602,26365.38706384802,95.88218323257463,98.320700294451,99.2725526394798,29132712.7446,28763865.4186,368847.326,29132712.7446,10565493.495652994,7337456.597347399,9196110.462846007,2033652.1887504,29132712.7446,19601615.797831997,3103589.59878,7911936.2447799975,1083494.19323,3322049.5637600007,2883228.7623519986,952203.315,345114.11993,4277889.538620001,1001572.00219,1893542.0621800004,2358093.344780001
2017-07-01,31182.302455592708,27819.352944627655,101.1697757362319,99.6181154591102,99.7711401561648,31182302.456590004,30815311.773590006,366990.683,31182302.456590004,10905912.736712996,8183012.3184557,10162899.880877996,1930477.5205436,31182302.456590004,20882660.949871507,3325398.6558070006,8482567.662070002,1153102.2144580004,3534096.704471001,3013143.9676210005,994343.577518,380008.1679265002,4599798.333679999,1026743.4961478001,1995091.1435834006,2678008.532310001
2017-08-01,31154.880941736905,27394.073951805774,99.62317684822904,100.590392421793,100.455164430733,31154880.943740003,30763355.89174,391525.052,31154880.943740003,11041625.274251003,7899351.016894999,10115176.88118,2098727.7714126995,31154880.943740003,20666687.8184007,3261204.2832790003,8275620.1797,1147970.0728,3604272.1064110007,2946950.8218284003,1060479.1620740003,370191.1923082999,4585003.763950002,786415.4840322,1882133.8040039998,3234640.071349999
2017-09-01,30521.506196270206,26404.252526903005,96.02352405344075,102.172005458306,101.173598684613,30521506.195270002,30135595.697270002,385910.498,30521506.195270002,10789170.332050998,7888243.176848,9795878.643451,2048214.0439202997,30521506.195270002,21025932.9445389,3488952.968447999,8319868.332199999,1144159.4605890005,3640337.0378699987,2991425.0249088006,1078616.457257,362573.66326610005,4708171.561280001,740572.7169650001,1673423.5498463002,2373405.423640001
2017-10-01,32445.98301393,27766.66317796161,100.9781605003273,102.629510439151,101.791467952653,32445983.013929997,31980223.912639998,465759.10129,32445983.013929997,11220307.426600007,8695476.803280002,11447457.179397,1082741.60465,32445983.013929997,21743902.234570004,3928861.097549999,8323912.543310004,1171282.6349200003,3698962.6299599996,3091846.9128900003,1147860.2917999998,381176.12414,4889144.438340002,870481.0824900001,2404158.326889999,2538296.9316399996
2017-11-01,33628.98265709631,28425.301720641164,103.37341080635561,103.261569392945,102.211575683975,33628982.657100014,33122387.951610014,506594.70549,33628982.657100014,11657995.803109996,8324348.80678286,12553464.114272805,1093173.9329353003,33628982.657100014,21967173.3998963,4297207.188262001,8282231.901500002,1138077.3718600003,3641546.556899999,3032406.663384301,1206025.3777199993,369678.34027000004,4988358.59175,864815.70133,2729390.0808199993,3079244.8832999985
2017-12-01,40766.3221043007,34084.519433704845,123.95411187488028,98.1693038010605,102.394502363587,40766322.1043,40320285.2796,446036.8247,40766322.1043,13710305.37311,11070098.736242607,14576008.2373072,1409909.7576381993,40766322.1043,26888567.25589069,6640857.415859998,9667850.147479994,1346130.8131799998,3684165.0314999986,3674954.0998407,1398334.6893299997,476275.0587,5239243.108389994,1278355.0180100007,2857322.6738500004,4502834.048160002
2018-01-01,32479.208005573993,26736.746546069702,97.23269471314975,100.727907489735,102.348953147993,32479208.00556999,32103107.855989993,376100.1495799999,32479208.00556999,11705433.565544002,8391851.735510603,11256746.646177003,1125176.0583415003,32479208.00556999,21415403.097653996,4222218.45492,7836896.413669995,1122224.4299800007,3431469.9459899995,3091349.877213999,1318384.493770001,392859.4821099998,4989430.335300002,931581.0564099996,1999948.5658400003,3142844.9503700007
2018-02-01,31736.824552140013,25650.68873210639,93.28306203499397,100.858201040917,102.102520192566,31736824.55214,31357444.8335,379379.71864,31736824.55214,10720300.947148008,8607859.2800684,11364650.340209996,1044013.9847172999,31736824.55214,21328882.901370004,4356546.19885,7699395.380650002,1101686.47128,3398477.220279999,3136911.742340002,1248469.2865899992,387396.60138,4725277.135080001,905082.7940100001,1781739.8561900002,2995841.86549
2018-03-01,36531.291328669984,28846.727300021103,104.9059961055264,101.136028248281,101.677455574816,36531291.32867001,36055413.05464001,475878.27403,36531291.32867001,12955730.464524,9144000.036735995,13175374.632970996,1256186.1944464003,36531291.32867001,25205918.02852,4597365.962020001,9795952.073230002,1412393.8548500005,3996896.45261,3635088.6541799996,1329929.28416,438291.74747,5341668.284599996,964070.6809999999,2049351.7863,2970282.5482499977
2018-04-01,34113.74566680001,26429.52752809941,96.11544086429767,101.647335601569,101.06058329654,34113745.66680001,33622270.978180006,491474.68862000003,34113745.66680001,11685359.587512009,8980714.557799002,12193290.57827,1254380.9432200005,34113745.66680001,23327342.936460007,4218613.15712,8945426.330820002,1255968.4269100006,3762309.3645600006,3537305.15074,1205249.4992100003,402471.0071000001,5038590.881000004,953653.6989799999,2169127.42258,2625030.72778
2018-05-01,35133.14639127501,26430.503243249208,96.11898921724045,100.888855996981,100.21997394844,35133146.39128,34407391.593590006,725754.7976899999,35133146.39128,11925300.089559997,8668139.0539873,13241497.643993005,1298209.6037401005,35133146.39128,23066625.490795005,3737570.42326,9171763.802680004,1297093.1459100002,3872325.67532,3439295.8011600003,1155946.7557050006,392629.88675999996,4862993.325099997,1148685.7329599997,3356541.3790999996,2698300.46332
2018-06-01,38338.20974565649,27465.909808897977,99.88442007578733,100.08710996398,99.1243054301713,38338209.74565996,37744796.10936996,593413.63629,38338209.74565996,13517215.493030002,9513855.561389996,13623892.631039994,1683246.0602,38338209.74565996,25418022.491686504,4276518.98195,10197523.387210004,1422314.27823,4138338.4173600012,3786047.2163765007,1186724.081549999,410556.1290099997,5109867.417749999,1426312.599570001,3509590.74134,2874416.495310002
2018-07-01,39278.44996264218,27033.43803708506,98.31166343210656,99.1529318197661,97.7806108056513,39278449.96263997,38696650.90644997,581799.0561899999,39278449.96263997,14061294.336093998,10619025.064987898,13151343.173305005,1446787.3882568001,39278449.96263997,26789219.719002187,4329776.745530002,10941910.277759986,1535870.4263800005,4337129.47109,3902397.0372171984,1296379.3779809996,445756.3830439999,5496160.817630002,1357253.2361400006,2294925.164369999,3340891.025499998
2018-08-01,39491.90727419412,26267.256514020613,95.52531491365032,96.4336719346862,96.2451700001364,39491907.27419998,38852702.48435998,639204.78984,39491907.27419998,13783068.023829997,10164619.777058007,13997246.389675,1546973.0836399999,39491907.27419998,26996838.62034418,4440944.928766267,10804194.908603406,1505870.5487064328,4432915.801648892,4015209.7738825614,1359742.1032454544,437960.5554911629,5542025.025539442,964553.392391654,2037255.9361909518,3951234.299727919
2018-09-01,39925.54899754219,24310.777978264978,88.41025026462246,93.9486775840651,94.6233694231165,39925548.99754999,39313002.174979985,612546.82257,39925548.99754999,14307986.236589996,10187454.21635,14097447.208820008,1332661.33579,39925548.99754999,28191321.865456004,4915662.833760006,11194772.656070001,1509785.43563,4594864.59784,4200513.124326,1330111.0335100002,445612.1843200001,6102652.803990001,853166.7950261999,1853671.9831100006,2924735.5499599995
2018-10-01,43420.253822487975,25010.476704449233,90.95482286312564,92.5118941717392,93.0390054775251,43420253.82247999,42646486.70567999,773767.1168,43420253.82247999,15413337.429618,10495359.76456195,16008985.684051717,1502570.944243483,43420253.82247999,30065814.641687997,5367369.5858499985,11730986.055640003,1633042.6958599999,4894616.841739998,4495750.370688001,1478760.3967899997,465288.69512,6486922.170950002,1010425.31317,2543612.93655,3313478.7601300026
2018-11-01,44849.44600603298,24891.71263312131,90.52291725821516,90.5274095147548,91.594518621146,44849446.00603998,44076960.79194998,772485.21409,44849446.00603998,15412653.112490004,11132996.566479996,16773555.452833004,1530240.87424,44849446.00603998,30971868.835443,5999482.304630001,11863636.204099998,1623972.4898400006,4918020.845370001,4504157.019552998,1590214.2764400004,472385.69551000005,6809307.630779995,1023726.6606099998,2437736.316800001,3606806.562399999
2018-12-01,57203.95586361999,31136.131957050453,113.23180282655846,90.286237239766,90.3505145756044,57203955.86361999,56452356.42238999,751599.44123,57203955.86361999,19372979.314990014,16252211.763499994,19596671.428900015,1982093.35623,57203955.86361999,38897886.82512,9591843.129960004,14277710.694190001,1987411.8307699992,5209569.96788,5446438.436359999,1782265.9589499992,602646.8070099999,7737390.299399996,1732097.9632400007,2850608.6996600004,5985972.076199996
2019-01-01,45433.623712055996,23888.726073338843,86.8753872268151,89.1253725583128,89.3338482278267,45433623.71206,44740575.241629995,693048.47043,45433623.71206,16005633.827199997,11687681.667650005,16222411.460373,1517896.7568399997,45433623.71206,30532173.730396003,5940722.932499999,11509132.27858,1602588.7262000006,4824152.727379998,4540700.406096002,1622205.3741000004,492671.28554,7273538.278630001,1296604.24847,2193855.6931,4137451.76146
2019-02-01,44592.14489534219,22542.04994183623,81.97797201789069,88.4972351796253,88.5317960598566,44592144.895340025,43914187.05556002,677957.8397799999,44592144.895340025,15466783.51002,12330583.273768004,15330194.010651998,1464584.1009,44592144.895340025,30680257.78658,5900970.590900003,11400304.634749994,1585634.2492300002,4837064.586020001,4861296.852190003,1607641.3985299994,487345.4749599999,6902733.48878,1078456.14302,2065592.42674,3865105.0502222204
2019-03-01,51065.69425464903,24647.680742226563,89.63545406942528,87.8481134771923,87.9197925098724,51065694.25465001,50347782.683160014,717911.5714899999,51065694.25465001,17737278.503999993,13685678.100496195,17969551.879616998,1673185.7705400004,51065694.25465001,35639253.946419,5901419.921098999,13664374.994760007,1863315.83183,5729158.05844,6187148.573530001,1733045.1574399997,560791.4093200001,7753557.686829997,1250658.57433,2294642.2698899982,4127581.7771800016
2019-04-01,49621.40927512204,23073.755385152883,83.91160866879156,87.2700086795923,87.4765415710946,49621409.275120035,48939565.17114004,681844.1039799999,49621409.275120035,17102015.742659997,13152280.506070001,17736333.211400002,1630779.8149899996,49621409.275120035,35631833.000382,5437459.685239999,14448162.663839998,1961842.2602000001,5754857.497710002,5891682.426951998,1598053.8844299999,539774.5820100001,7347464.876629998,1179040.51368,2005702.65693,3457368.227500002
2019-05-01,50778.299914400006,22852.143404939907,83.10567927197076,87.2372226641041,87.1897413216302,50778299.914400004,49813853.04009,964446.87431,50778299.914400004,17247751.268843994,13838777.255979998,18013021.917039998,1678749.47254,50778299.914400004,35586722.001449995,5258910.247739997,14391198.419049995,1910340.61452,6223354.017650002,5732375.989020002,1526614.2530900007,543928.4603799997,7602583.365409999,1504788.00793,2486484.8315200005,3597721.7080900003
2019-06-01,54413.41961482001,23803.413179689967,86.5651324795158,86.6330171063208,87.0352519990184,54413419.61482,53591716.25316001,821703.3616599999,54413419.61482,17995550.11326,15507030.32112,19225537.23247,1685301.94797,54413419.61482,37819361.44686,5602884.226260004,15319207.314880004,2072217.13306,6642410.276169999,6000958.161809999,1591347.412330001,590336.9223500001,8048845.872799999,1826746.7113700002,2810683.08287,3907782.50092
2019-07-01,55044.48225731951,23580.072634934764,85.75291686577862,86.7167390052072,86.9843965870108,55044482.25732,54121341.62436,923140.6329600001,55044482.25732,18548992.456090007,15609905.912700001,19194608.053610004,1690975.8349200003,55044482.25732,38131665.01202951,5612874.21778,15602920.266189998,2119480.4736700007,6625542.260160002,5890360.284974002,1696455.0968254996,584032.4124300003,7868920.346770002,1715793.1016499999,3030760.22102,4297343.575850001
2019-08-01,59672.10445566601,24329.91041230039,88.47982859250462,87.9861929230462,86.9936430462852,59672104.45567001,58647926.47731001,1024177.9783600001,59672104.45567001,19745340.249500003,16044555.337071996,21781404.017981987,2100804.8511199993,59672104.45567001,41692727.53486599,6069725.943820001,17125415.366779994,2205098.44878,7351482.511229999,6419554.861526002,1903751.8360300001,617698.5667000002,8632826.213409996,1208097.67593,3073567.951339999,5064885.08012
2019-09-01,57885.30640686599,22144.650616311803,80.53276224895534,88.2875542873064,87.0250637616126,57885306.406869985,56887830.18007998,997476.22679,57885306.406869985,19561438.284749985,15872044.54628,20612694.849708993,1839128.7261300003,57885306.406869985,41090401.956106,6372597.213819997,16428217.441940008,2192061.5761300004,7182926.619359996,6359574.893425996,1949185.8583900002,605838.3530400002,8902170.017649997,1202878.6177499997,2719800.95723,3970054.858129998
2019-10-01,66325.57959367818,24652.71442386198,89.65375990289294,90.7495375170672,87.0524236016176,66325579.59368,65144928.115430005,1180651.47825,66325579.59368,21884744.730451003,17749686.58293429,24432918.572433,2258229.7078618007,66325579.59368,45492474.30343828,7475899.072497,17942183.893732585,2403879.6151702004,7900014.451017999,6957491.715031802,2143017.1776677,669988.3783209999,10075045.155853303,1410451.3561100003,4712825.327800001,4634783.4504766
2019-11-01,67943.71018742798,24270.7041203352,88.26451491169347,86.1876934309795,87.0565192092102,67943710.18743,66454203.742079996,1489506.4453500002,67943710.18743,22763201.5517,16506702.373734001,26455726.00132099,2218080.2606699998,67943710.18743,46073845.36260801,8816995.300790003,17296630.38648,2337204.021009999,7523217.5873300005,7072708.039418003,2347744.245760001,679345.7818199997,10247962.264920006,1572523.6138899997,4829969.16318,5219409.782830002
2019-12-01,83524.644291502,29147.85103469526,106.00108342716463,86.2005264428339,87.0504721670982,83524644.2915,82246180.67768,1278463.61382,83524644.2915,27960470.497710004,21105019.72176601,31600065.928096,2859088.143929999,83524644.2915,57646427.95771201,13299621.479150005,20776781.41631,2985037.6998099997,7985919.655519997,8877286.116902003,2838731.6730999993,883049.9169199999,11316019.271300009,2197595.46859,4638017.9133,7726583.680600004
2020-01-01,70145.01027272303,23483.345683378706,85.40115296903903,86.8339883413724,87.0518562737224,70145010.27273001,69104127.61199,1040882.66074,70145010.27273001,25121140.424074013,16421681.807168407,26279836.484293897,2322351.5571899996,70145010.27273001,47496667.89030301,8727149.313199999,17489114.378610004,2513045.890880001,7612363.147730004,7726181.492612999,2685147.6436799997,743666.0235899996,11066696.534919992,1775180.1644500003,3768285.2241500006,6038180.4589
2020-02-01,72494.433661744,23702.013147622165,86.19637413620114,87.8821299983383,87.0764389099297,72494433.66173999,71514175.14700998,980258.5147299999,72494433.66173999,23982883.637197025,18677850.857655,27241035.986254998,2592663.180630001,72494433.66173999,50272765.354984015,8876881.393720001,18718680.521820012,2642994.222749998,8169113.796010004,8316318.598123999,2778662.821100001,770114.0014599998,10866053.983480005,1867271.73628,3407081.4500799985,6081261.13692
2020-03-01,85778.03108882,26996.659534813563,98.1779121966221,99.3004204240503,87.1136053597204,85778031.08881997,84174875.51342997,1603155.5753900001,85778031.08881997,26532575.533931985,22420795.889567308,33716809.20248102,3107850.4628399997,85778031.08881997,61417479.25103002,8284935.992699999,26179704.492430013,2954223.1747500007,10540220.755720006,9503388.959340008,3248772.943099998,706232.93299,14387138.382409992,1048525.3074199999,3460494.399360001,5464393.748599999
2020-04-01,75009.59663855402,23142.654714237968,84.16217271626562,86.8569674821059,87.1418803697114,75009596.63855001,71798954.70953001,3210641.9290200006,75009596.63855001,22263621.147818018,20850415.685067005,28559526.139535002,3336033.66613,75009596.63855001,54905216.88272001,7039345.747440004,23511297.23490001,2723790.4688799987,9518952.15604,8667536.044389999,2981509.85425,462785.37682,10786534.828350002,1071185.00366,3758966.1006599986,4487693.823164
2020-05-01,78594.52182045301,24012.676328922764,87.32615326673104,89.865354261938,87.1298324363538,78594521.82045001,74966605.02587001,3627916.7945800005,78594521.82045001,24917663.393409997,19703362.398560006,29750672.202390008,4222823.82609,78594521.82045001,54285024.123542,7437048.07729,22865786.669689998,2588780.4740709993,9450381.786705,8676036.988140006,2771794.5182680003,495195.6093780001,11160547.922520002,2199429.0915410006,5705563.464840001,5243957.218010003
2020-06-01,78232.85960185598,23449.543028817643,85.27822390638114,88.5968871256878,87.0673985825769,78232859.60185996,74554853.95878996,3678005.64307,78232859.60185996,24031410.143659983,20569940.21072799,29332592.009099998,4298917.23837,78232859.60185996,53685318.32828699,7839895.916119998,22614018.901164994,2512756.0308870007,9239346.590982998,8376343.244301998,2610763.010297,492194.6345329999,10828484.987,2556936.805371999,5726204.195700002,5435915.2854969995
2020-07-01,81140.69622145995,23791.36751520022,86.52132638605822,86.9530168622609,86.9698575658111,81140696.22145997,76413721.76438998,4726974.45707,81140696.22145997,24935747.285053004,22143208.629241403,29569224.40345899,4492515.9037,81140696.22145997,55359666.66118001,8048539.859389998,23393038.40763,2630487.7910100017,9592798.115190003,8463266.122629998,2712593.8277300005,518942.5376,11217153.18945,2502616.618500001,6125265.839210001,5935993.913119999
2020-08-01,80411.97328758003,22953.005491091488,83.47248128410075,83.5787688955162,86.8750329891906,80411973.28758001,76406528.27118002,4005445.0164,80411973.28758001,24868416.64602999,21188270.691566993,29644413.805833004,4710872.144150001,80411973.28758001,55526501.79622001,8262233.87684,22891446.999150008,2684429.9927800004,9681663.0829,8611272.961889995,2842695.03008,552759.8525800002,11365760.88953999,1651664.5783599995,5086198.9515400035,6781847.071919998
2020-09-01,77055.77435700996,21628.031776779153,78.65399058087726,85.6136598750129,86.8322247508559,77055774.35700998,73111415.16161998,3944359.19539,77055774.35700998,24268469.258773003,20660854.9840306,27583639.698399987,4542810.41581,77055774.35700998,53998395.65966003,8164340.136140003,22018485.44868001,2574722.638590001,9349357.228210004,8411476.0623,2932524.240359999,547489.9053800001,11089691.915189998,1599708.8727500006,4776635.4815099975,5591342.427899999
2020-10-01,89224.28105372799,24095.3382187538,87.6267671908861,86.9516932137062,86.878240836092,89224281.05372998,84622602.74864998,4601678.305080001,89224281.05372998,27348110.49728398,23565536.115426205,33253696.394518994,5056938.0465,89224281.05372998,60214691.69720799,9900033.945949998,23772929.584499992,2819496.84264,10152813.64101,9440006.039747994,3508831.9935000013,620579.6498599998,12442138.224310005,1961731.83342,8080339.485749998,6525379.813039998
2020-11-01,91093.50731224002,24010.693725993668,87.31894319631316,87.5642974512983,87.0429904555288,91093507.31223996,86255330.60578996,4838176.70645,91093507.31223996,28832513.453409992,23551887.32882601,33470452.079113003,5238654.45089,91093507.31223996,60913255.91404001,11401050.50442,23577259.621930003,2712393.486839999,9625513.23871,9366000.915110003,3600215.4410800016,630822.7059500002,12606465.75472,2071758.2335799995,7962443.790279999,7539583.61962
2020-12-01,115806.12811517663,29931.10446415699,108.8495168167191,87.5171825610971,87.3126703264124,115806128.11518,111830218.56443,3975909.5507499995,115806128.11518,36284788.051380016,31300615.016610008,41558670.65363998,6662054.393548,115806128.11518,80643208.29840657,19000862.430732105,29052388.41279858,3568526.3015100015,10374402.289709996,13502805.475349994,4262746.599545901,881476.7887600001,14197119.00349,3022975.1977700004,7711912.07514,10230913.540370006
2021-01-01,98007.58325283098,24420.020915074365,88.80753065571464,87.559580871826,87.6426968361429,98007583.25283,94524545.26598,3483037.9868500005,98007583.25283,31878415.60910801,26481717.359305106,34421611.729676,5225838.554741,98007583.25283,67171235.97265501,12982834.104759997,24393220.467840005,2973192.4986529993,10138651.410120007,11818373.501102002,4076717.8043100005,788246.1858699998,14237729.536586002,2206737.4643899994,6405815.40872,7986064.870480007
2021-02-01,92954.23368112402,22322.62103430943,81.17998173361919,87.1605495005782,87.9987152436936,92954233.68111998,89908053.01556998,3046180.66555,92954233.68111998,30090418.939483996,26089199.968869206,32111865.511882994,4662749.260879998,92954233.68111998,65274742.24813402,12129210.025470003,23633068.01465001,2964209.932129999,10043345.312269997,11768651.947894003,3978725.70026,757531.31546,13331244.025280004,1985959.50775,5106560.634039998,7255727.265920001
2021-03-01,107225.88448978103,24627.553412049245,89.5622576336828,89.2959302042992,88.3554946077442,107225884.48978001,103243215.2959,3982669.1938799997,107225884.48978001,33646699.760530025,28304088.351349995,39721336.17659,5553760.20131,107225884.48978001,75459017.55465901,12468763.319620006,29069610.328840002,3638242.45253,11823788.248,13353172.975238997,4214424.174690001,891016.0557399999,14963310.658660004,2205228.8844499993,6918341.604330001,7679985.787682
2021-04-01,106870.18588609398,23407.475069338758,85.12523666636046,89.6164967616064,88.6982348336324,106870185.88608995,102742178.64234994,4128007.2437400003,106870185.88608995,33030717.33914999,28509160.0986,39528435.059999995,5801873.388339999,106870185.88608995,76493949.46388401,11739913.65,29827096.111789007,3616384.0334219984,12309094.615401998,14047026.358151,4041721.714679999,912712.9804400002,14912712.276949998,2217601.19947,6042114.41201,7203808.533780001
2021-05-01,110604.69456479797,23368.393763666063,84.98311089735874,88.6859056055384,89.0299747781582,110604694.56479998,104997658.23470998,5607036.33009,110604694.56479998,33391018.41487,29448299.39426999,41132600.50917,6632776.246490001,110604694.56479998,78026097.546298,10758291.661590002,31328427.63126999,3801495.0800799998,13116541.507779999,14204902.667358,3924175.620469998,892263.37775,14517188.309739998,2686103.3893500012,7849584.392559999,7525720.926849998
2021-06-01,116287.89295616007,23677.99416274856,86.10902504084615,88.5878365496813,89.3686892966477,116287892.95615998,111477594.54618998,4810298.4099699985,116287892.95615998,34735136.74001,32637663.36478999,42074159.71627,6840933.135089999,116287892.95615998,80623853.66400559,11744001.500854194,32622021.607925504,3921981.9525800003,13537963.959311698,14134807.87912049,3748454.174113699,914622.5901,14484893.559882898,3640081.8683,9514178.63086,8024885.233111582
2021-07-01,125658.55253241002,24779.46708113056,90.11471734986728,89.0605674911981,89.7165138492462,125658552.53241004,120904098.31748004,4754454.214929999,125658552.53241004,37973547.560765006,37146178.898209,43727330.43950201,6811495.633934002,125658552.53241004,87238128.85006,13755772.373499995,34683058.37416999,4322896.980460002,14292062.104300002,15147184.625190001,3985101.6066600033,1052052.78578,15724007.710100003,4051857.5073,9222787.619860005,9421770.845089998
2021-08-01,124840.31996239901,23990.069055768367,87.24393809948432,89.479497736761,90.0824355958401,124840319.96239999,120181530.94271998,4658789.019680001,124840319.96239999,38180625.55514,35434522.94616999,44242610.352050014,6982561.109040003,124840319.96239999,87044720.924779,13762712.181420002,34500426.75201,4370305.272810001,14512831.617069995,14736387.947459005,4074608.925539999,1087448.22847,15920169.137190007,2944642.7748399996,8443256.1996,10487530.925990004
2021-09-01,123002.25242975802,22962.046342330883,83.5053598666535,90.8203375469078,90.4546426866625,123002252.42976004,118585472.17123003,4416780.258529999,123002252.42976004,38080750.85783998,34575381.28240999,43445911.37943999,6900208.910069997,123002252.42976004,87296730.505958,14164245.335670004,34298836.96477799,4333686.607449999,14489891.670490006,14721979.889489993,4184266.092729999,1103823.9453499997,16336755.107220002,2805934.3052500007,7977185.49358,8585647.017749999
2021-10-01,140487.48726625007,25386.745245625458,92.32318696574036,91.3983467718122,90.8045085954816,140487487.26625,136000643.3463,4486843.91995,140487487.26625,43323345.69436999,39697514.9889,50159841.63313002,7306784.94985,140487487.26625,97615705.17146997,17838460.219970006,37081602.262489974,4773476.075109999,15561031.996110003,16349404.553150004,4785226.4022200005,1226503.6624200002,18501724.822480004,3328328.42133,10919887.98903,10121840.861939998
2021-11-01,141701.96065865096,25026.615284791493,91.01351353638384,91.6199224269217,91.0925767727106,141701960.658653,135950778.84937298,5751181.80928,141701960.658653,43762928.14926002,39925207.44942003,50752243.390599996,7261581.669369999,141701960.658653,95609863.77264799,18180428.40525102,36354580.021516986,4509964.850233999,14720418.135491997,15761449.149065994,4869397.981329998,1213625.2297580007,18664160.81802101,3209173.0829959996,12754368.885413006,11464394.099573001
2021-12-01,183983.15187992307,31596.63098218947,114.90648531082756,91.9509990802339,91.2852828056997,183983151.87992013,178866721.2456501,5116430.63427,183983151.87992013,56640033.147035964,55432191.368078016,62999676.15227599,8911251.21253,183983151.87992013,128135286.60895704,31992432.645506006,45299912.364783004,5859939.040923003,16175223.818706999,21265049.446353,5863700.607899003,1679028.6847859998,21753939.727032006,4759532.633839998,12669269.758663997,16665123.151429994
2022-01-01,154517.09418196804,25464.131520078306,92.604615223509,91.5660493369544,91.3651660694297,154517094.1819681,149697614.62836808,4819479.553599999,154517094.1819681,46962602.2164548,46053650.12931095,54048333.11802423,7452508.718179998,154517094.1819681,103783610.34211603,20364496.47904901,37585681.43685602,4860317.679926999,16024257.392035004,17408486.728431,6138441.197065,1401929.4287530005,21330213.29316198,3782646.2193910005,12187552.347016001,13433071.980282998
2022-02-01,152202.57339011703,23803.20202289494,86.5643645721658,92.8119297920774,91.3282422662988,152202573.39011797,148406529.31365797,3796044.07646,152202573.39011797,46290956.20918649,45283575.24733588,53705893.17447563,6922148.759119999,152202573.39011797,105530494.04134102,20067560.91070901,38309789.320461005,5045920.420570998,16039817.802111994,18260738.307156995,6436027.691499002,1370639.5888319996,20305446.862753984,3875499.176168,9189746.139228,13301387.170626
2022-03-01,168982.50227879308,24612.901369363753,89.50897300569312,89.7092577395044,91.1945686185696,168982502.27879015,164321074.85165015,4661427.42714,168982502.27879015,51262080.993980005,47364363.87904,62416016.53691001,7940040.868859998,168982502.27879015,118823011.68860306,19759206.70563001,45484393.791690014,5922819.508782998,18353630.329650022,20827602.019110005,6886240.028899998,1589119.3048399999,22942013.091679998,3912852.4257199997,10898787.98983,12405837.082959997
2022-04-01,177192.28872404504,24147.436097004895,87.81622992459842,89.2702705125877,91.0024683099003,177192288.72404,173047715.34078,4144573.3832600005,177192288.72404,53225357.006129995,50071794.27383999,65527183.03321,8367954.410869999,177192288.72404,127801129.56661603,20648166.679202996,50129507.36877402,6720234.981807,19209369.323476,22867104.06817701,6510828.332191996,1715918.812987,23135401.469793994,4224451.169879001,10084202.232283993,11947104.285472
2022-05-01,179641.5687331929,23234.77377354882,84.49717923457183,90.5473776564022,90.7989085262412,179641568.73318994,175360239.53115994,4281329.20203,179641568.73318994,52738547.90800003,49886818.12474002,68085697.64074002,8930505.059710002,179641568.73318994,126430615.90144806,18584526.54364201,50253932.79748004,6667406.176570003,20021494.178525,22841361.459609006,6282411.8887760015,1779482.8568459994,23580006.796904,5211100.628950998,12039595.551512005,12380249.854377998
2022-06-01,196114.52481693198,24144.358858783595,87.805039028054,90.6478905104899,90.6452562224659,196114524.8169319,189510268.1663519,6604256.65058,196114524.8169319,57393670.090090156,56360188.831809916,74521224.65406194,7839441.240970001,196114524.8169319,136919235.10753006,20626468.80759402,55379842.94637301,7211046.254094999,21343950.79115,24001843.363753002,6484385.786924998,1871697.15764,24942763.324251,6343019.158364001,14227174.861618998,13682332.365167998
2022-07-01,228215.34473119714,26090.25557801412,94.88162111399497,93.4888891434523,90.6120013953916,228215344.73119715,220952507.14078715,7262837.590410001,228215344.73119715,66584224.03012287,68810894.09934743,83375854.5280367,9444372.07369,228215344.73119715,157121349.19250503,24920742.696632996,64457492.51580001,8106815.291278004,23852050.928240012,26245558.340151,7416452.310887001,2122237.109516,29661826.55732899,6649201.806195998,17852376.743120003,16930590.432047006
2022-08-01,225508.10913560193,23930.705836021916,87.02805372429115,89.3962213711394,90.7426853624724,225508109.13560194,218261209.60020193,7246899.5353999995,225508109.13560194,67237455.23950575,67647795.4278892,81596108.36881703,9026750.09939,225508109.13560194,158381326.540578,25138325.30575099,62965522.00274701,8437659.493218997,25004727.48193799,26159930.467330016,8458193.060855001,2216968.728737999,29701525.899293,4892813.351254001,13650491.027913,18881952.316564012
2022-09-01,232153.1572245599,23136.67558390528,84.14042859892183,91.4720232627088,91.0526934978253,232153157.22455993,223841299.55893993,8311857.66562,232153157.22455993,67655236.95258002,70306447.45933998,85277979.17786,8913493.63478,232153157.22455993,165204479.442474,27206602.00327099,65355242.022342004,8586483.071666004,25955029.691804986,26557975.69872798,9223533.825968998,2319613.128693,31549797.519793008,4467042.800069,14640939.563531,16290897.898693005
2022-10-01,265665.6888902528,24989.575744483296,90.878812991989,90.9558067298696,91.5189428976044,265665688.89025596,256894810.87549597,8770878.014759999,265665688.89025596,76003937.06058702,81278221.5634546,98485038.83702432,9898491.429189997,265665688.89025596,184734496.12403676,32829848.37791099,70574859.92223701,9541915.411453996,28691297.059354004,29618309.338459805,10909861.273368005,2568404.7412529998,34883924.96952402,5416859.825269,22279483.783365,18350924.188058004
2022-11-01,284786.453144324,25637.81721913514,93.2362526040457,92.7966021818157,92.0700476356418,284786453.14432305,272973768.15517306,11812684.98915,284786453.14432305,80653084.43862736,83419815.47793427,110394704.60457128,10318848.623189997,284786453.14432305,191826842.25733894,38574280.949363,72339550.35841,9614582.019614995,28917942.238687996,28227454.94620599,11476672.499236995,2676359.2458199994,36853298.44458997,5583943.636027001,29564798.669963,20957570.136405002
2022-12-01,359667.612326173,30974.17760841442,112.64282848327925,88.2833607868524,92.5990329428498,359667612.3261698,349050818.8344698,10616793.491700001,359667612.3261698,100319766.82566479,115236686.62653965,131276350.8171154,12834808.056848,359667612.3261698,255589379.7725181,67768247.15349402,90609095.34734103,12311994.328595,31510760.79219502,35530223.43827599,14268418.298630003,3590640.4139869995,42596337.785191,7937305.881569003,24028900.088696003,29515688.798198983
2023-01-01,316578.3876306558,25668.396255302632,93.34745843393875,94.1147215092931,93.0014582056309,316578387.6306569,307263826.4882069,9314561.14245,316578387.6306569,90638720.0605026,99271310.16581452,110961211.98186989,15707145.422470007,316578387.6306569,218445454.08044696,46410904.65153099,78931330.42481697,10663203.643138006,32140568.448538,31489866.257925004,15582759.208720999,3226821.4457770004,43916900.332911976,7352668.56084,20343739.76963299,26519624.886824008
2023-02-01,318416.9980023959,24038.381363618086,87.41963396704043,93.6530586726549,93.2071073233305,318416998.0023999,309570090.0011699,8846908.001230001,318416998.0023999,90540334.86567998,99711430.05382769,112669358.64205503,15495874.440838998,318416998.0023999,222890773.58398694,44685911.493859984,80696649.18686096,10917411.685842996,33195908.400339987,34743380.170503,15392770.149382003,3258742.4971980006,42402304.91883903,7182705.015813998,19203662.016891,26737552.466865014
2023-03-01,363148.33907930506,25555.024368715433,92.93516241959038,92.8605974732723,93.2126823080966,363148339.07930106,351601023.6392711,11547315.440030001,363148339.07930106,101935940.57742865,109090214.06799074,134679903.67195156,17442280.761929,363148339.07930106,261039032.93417495,49436083.277124,96259892.98528498,12835204.748683998,39140415.399452984,42409217.61556202,17092649.273992997,3865569.6340740006,50001611.94448702,6630788.713100998,20660311.02440501,24816594.463137
2023-04-01,385814.0669280695,24972.50982923188,90.81674990870465,92.2413449481005,93.074676861172,385814066.92806983,374859125.1204798,10954941.807589997,385814066.92806983,102160867.14297998,121099745.58682998,144221133.45942,18332320.738839995,385814066.92806983,280368847.27754,46405107.16539001,109124598.98891997,14451827.443270005,41186398.65366004,47877583.66258003,17159161.561060004,4164169.8026599973,51217629.361540005,7653756.199010002,22089157.933100007,24484676.156880014
2023-05-01,388897.17588154,23290.797467939236,84.70091886175422,90.7756102651382,92.8525689642105,388897175.88153994,374434432.96446997,14462742.917069998,388897175.88153994,103143688.43152004,117547350.38144006,147520548.05324003,20685589.01534,388897175.88153994,279628264.33812,44584158.08595999,109938336.55505997,14719474.968640003,43598570.45369,45289025.97817999,17242793.635139994,4255904.661449999,51797044.43213998,8451467.12578,23547743.001480006,25472656.984020025
2023-06-01,425805.7399507801,23922.636796340397,86.99870929860984,90.0543805475256,92.5611413334091,425805739.9507801,413276979.4247101,12528760.526069995,425805739.9507801,108531201.96151005,134788413.98052004,155279431.14515987,27206692.863590006,425805739.9507801,304636826.26697004,50066785.689160034,121672971.94499998,16255447.033529997,47339446.846579984,47177777.66059998,17622533.653760005,4501863.43834,55025136.06765001,11675799.12199,26807774.46439,27660204.02978
2023-07-01,482669.38905065,25448.167475734692,92.54655927988941,91.9733592017651,92.147831619844,482669389.05064976,467388086.1971698,15281302.853480002,482669389.05064976,120214863.51235002,155279133.3582699,176226915.0301001,30948477.149930008,482669389.05064976,340687280.68477005,58799980.43911,135875741.45746005,18146190.776810005,52694672.147699974,50620919.60700004,19597904.85778,4951871.398909997,61525726.51527,14038273.508909997,33275555.70953,33142552.632170007
2023-08-01,537409.23036958,25164.69551067577,91.51566559988171,93.5226904821095,91.5085948427721,537409230.3695799,518751701.64603996,18657528.723539997,537409230.3695799,143218673.62622994,164516959.70533997,195137108.71892,34536488.31908999,537409230.3695799,385755729.64449006,66230657.37486003,152750476.12404,19904073.844579995,58765770.46908997,59737409.65822999,22871543.665379994,5495798.5083099995,69101232.15538998,10957550.398660002,32717548.930189982,38877169.240850024
2023-09-01,580113.0483323103,24005.186866899236,87.29891657309501,92.5519351423471,90.5284046440159,580113048.3323102,563540336.5967802,16572711.735530002,580113048.3323102,133303056.59254004,198231084.59580994,209784383.83643997,38794523.30752,580113048.3323102,427283902.2291798,75335751.22022998,164410578.04545984,22264601.087340012,64045176.06630998,69487352.26984997,25703599.32283002,6036844.217159999,74916028.05417,10920465.011819998,29994293.326579995,36998359.71056001
2023-10-01,708384.3504217999,26779.197295332848,97.38707403287498,99.9253953421509,89.1609161361733,708384350.4217999,682264293.6607599,26120056.76104,708384350.4217999,152398775.74618006,240565991.8997099,271297889.04838014,44121693.72752999,708384350.4217999,494257739.99072015,92108347.58665001,189595300.85910022,25676798.82297,72214057.18473002,78627482.30341998,29168220.24688001,6867532.986969995,90536867.61422999,15242733.918270003,60306100.735889986,48040908.162689984
2023-11-01,764304.8156269495,25210.959841150554,91.68391365180575,91.5680775952508,87.4670014953694,764304815.6269498,735686087.4721098,28618728.15484,764304815.6269498,160073144.05848,254149443.47397,301311730.2739602,48770497.82054,764304815.6269498,545075500.54365,108055752.37642996,204118547.3199401,28026283.462830015,76007814.44761004,87740555.81283997,33724944.106529996,7401603.01747,96681658.65979,14869768.540459998,52704284.61526999,54973603.26778001
2023-12-01,1147057.7470741502,28928.3521157072,105.20283853438916,82.1034778402306,85.6287781711613,1147057747.0741498,1116024751.75575,31032995.318399996,1147057747.0741498,228219933.94904998,393579905.5336801,450747741.8848,74510165.70661998,1147057747.0741498,844827516.0075897,200796556.40261984,307284878.8661498,41971326.577230014,99331130.35447006,139391152.04686007,44929280.57403995,11123191.186220007,141596244.98226005,22635382.477000017,49684101.13384001,88314502.47346
2024-01-01,1101738.0398625399,22108.256834826778,80.40041011559113,81.0212371120664,83.9005870458734,1101738039.8625402,1070336895.2835702,31401144.578970008,1101738039.8625402,227859437.24805003,352612655.13446,438858468.3461399,82407479.13388997,1101738039.8625402,789565866.9366101,154393146.31628993,298746574.83328,42164620.60513001,112044197.16793,123890863.70067996,47993638.64680002,10332825.6665,169098515.11526,17745002.369910013,45445458.3938,79883197.04696006
2024-02-01,1193012.0067699489,21301.04127202511,77.4648343808862,80.5562800740435,82.5111546027625,1193012006.7699497,1159627571.8536096,33384434.91634,1193012006.7699497,241894497.25349006,375940819.9437999,483850375.59419,91326313.97847,1193012006.7699497,858331396.72813,161517576.26391008,330410050.6804199,48211353.74322,124911165.07352014,129840909.19402994,52081723.84047,11358617.932559999,185386223.02430004,17652421.454309996,44554519.79452001,87087445.76868999
2024-03-01,1422932.9631105103,23171.993346844996,84.26886760910402,80.2610771371401,81.5874513868041,1422932963.1105106,1384251341.0202305,38681622.090280004,1422932963.1105106,277545813.39178014,438830143.07810986,592791117.4055603,113765889.23505998,1422932963.1105106,1037827157.1594701,176653555.76504,421610780.52250993,58370036.23062004,155374050.55496004,152834248.49943998,59737392.75330001,13247092.833599996,219272604.36315003,18901299.154089995,52682333.43560001,94249568.99820004
2024-04-01,1335118.1618884997,20588.467376342225,74.87343905385532,80.5260346478279,81.1328595031441,1335118161.8884993,1294639323.3574092,40478838.531090006,1335118161.8884993,233018967.80020997,410331251.49913985,582608443.75248,109159498.83667003,1335118161.8884993,973278188.2859498,147818484.58174,391761887.5877299,54412527.43804,157491891.68834996,149744054.96743998,59332876.94173,12716465.080920001,200297005.39473006,25148334.095969994,51972235.92625999,84422398.18558997
2024-05-01,1412879.7326910794,21018.59796067804,76.43768157384365,81.0456490396727,81.0539897978079,1412879732.6910794,1361031140.9580293,51848591.733049996,1412879732.6910794,243597883.54431993,425529854.39989996,622775723.0178502,120976271.72901002,1412879732.6910794,1020654918.9149903,140119739.66498998,423580697.59543014,58944623.74314001,169998819.99675006,153885541.09046003,60571473.03929002,13554023.784929998,207431726.2072599,34255564.24222999,64927576.746860005,85609946.57974
2024-06-01,1532919.3287259813,22165.78026685792,80.60960379201317,81.2232694879514,81.2017050087473,1532919328.725981,1488530909.849041,44388418.87694,1532919328.725981,264957789.46518993,465008974.38083994,670053178.46219,132899386.41776004,1532919328.725981,1097455841.62303,163783713.37718,440645344.66959006,63611713.25354003,181773727.4690999,166349910.25670007,66115329.39735003,15176103.199570008,220692216.42081997,41744983.86414002,72958770.29438002,100067516.52360998
2024-07-01,1588377.3988490012,22315.666868658016,81.15469173565315,82.6971543310519,81.4411452574671,1588377398.8490007,1537405542.9489808,50971855.90001998,1588377398.8490007,290357060.58441985,461659897.9777399,688936590.1983601,147423850.0884801,1588377398.8490007,1139161982.2018104,172044679.7676101,455979582.27333,67583806.87926,190016608.79847008,165196254.42438018,72017089.42422001,16323960.634539997,217780603.32597,41299062.777070016,86321303.89629997,103814446.6478499
2024-08-01,1668468.3039195088,22625.955413183267,82.28310843627247,82.4532626530677,81.7131454422844,1668468303.9195092,1613894730.890319,54573573.02919,1668468303.9195092,290108815.6070099,456351826.5868301,770315343.9564201,151692317.76924998,1668468303.9195092,1207328035.1981401,178870248.42424005,475989831.87689996,70314431.69090994,203865897.35090992,179516947.1334601,81294294.41395997,17476384.30776001,236575349.02084005,31225381.436839987,74328023.19691,119011515.06678
2024-09-01,1585125.5884058897,20934.54082186317,76.13199359109811,82.8283092512873,82.025734861937,1585125588.4058893,1534438240.8385193,50687347.56737,1585125588.4058893,270907245.13635993,425774427.56750005,718083006.9710598,170360908.73097005,1585125588.4058893,1153980144.9581099,185449563.67102,443598299.07136965,64883847.872580014,191744593.20184,173698592.97210008,77690730.77871,16914517.39049,237047211.47774994,25532444.336560003,69909424.32678998,98656363.30668002
2024-10-01,1698369.9617121704,22010.07437087158,80.04335300217268,81.5456214623105,82.4079269536917,1698369961.7121701,1643182164.0618002,55187797.65037,1698369961.7121701,280682474.0839,447488276.5395101,787023479.99255,183175731.09620997,1698369961.7121701,1217035984.7090201,208621485.50249004,455125695.75272006,69026599.48280995,201001213.7111801,183198604.06816992,82210113.06482005,17852273.126829997,251665925.79492006,31221653.21212,90392744.13238996,108053653.86371998
2024-11-01,1824221.7737898102,23282.694251719255,84.67145014731827,83.0896139682148,82.8819216505357,1824221773.7898092,1756117842.3051193,68103931.48469,1824221773.7898092,297479156.9916399,456887187.51319015,867514425.6909102,202341003.59407002,1824221773.7898092,1293163152.7873106,240859640.98220998,478299428.78181016,72539978.90944003,206172330.7164201,190476101.7938701,85782357.24315004,19033314.360410005,265386287.15795016,34719218.165589996,100925054.07227002,130028061.60669005
2024-12-01,2228212.726127959,27986.8636297545,101.77895663563805,82.1606031425932,83.4293186293864,2228212726.1279593,2167790946.522249,60421779.60570999,2228212726.1279593,345093000.85710025,662207324.8184402,975026579.6668302,245885820.78558996,2228212726.1279593,1612665949.89961,369587067.7460699,573133302.33483,89307275.07830992,218785180.66174006,245924676.74671,91564976.37987998,24363470.95206999,283513329.85618,51383626.32076,98925285.43306994,181724534.61833993
2025-01-01,1870036.1868914308,23032.474621009715,83.76148419756835,83.8438755606705,83.9638707238889,1870036186.8914304,1815675574.5381503,54360612.35328,1870036186.8914304,295670199.70337003,539439622.21396,823016098.1116103,211910266.86249006,1870036186.8914304,1322376996.39602,250432390.50126994,466837485.7499501,74120168.91719998,207736106.94832006,212254045.15450007,90017145.61495002,20979653.50983,269749096.1901099,40628733.5739,87975798.70688994,149305562.02451003
2025-02-01,1792366.1275688387,21578.82766840556,78.47505153008892,84.1931758552184,84.3739056105687,1792366127.5688396,1740067462.0109096,52298665.55793,1792366127.5688396,293655584.7157501,499955958.8999001,790402427.9098101,208352156.04337993,1792366127.5688396,1287655851.62725,232163155.70399988,457406802.51496005,71553256.26607,204180814.16884986,217723760.21361017,84141551.12330002,20486511.636459988,250402286.85362,33940472.99389001,81420288.15759999,138947227.93648008
2025-03-01,2045404.0506446308,23866.84690714859,86.79581994352243,85.2008742968205,84.5663817113795,2045404050.6446304,1984442779.3166904,60961271.32794002,2045404050.6446304,326402988.65212995,552767401.85551,937125368.87107,229108291.26592007,2045404050.6446304,1475924158.6765501,234290781.12369016,542999263.4343201,82933912.18626995,234774284.43183002,260754841.6161399,96805734.42674999,23365341.457549993,287502674.5422402,40572210.42279999,97542800.83726004,143862206.16577998
2025-04-01,1975378.3840826298,22420.826988976274,81.53712427497817,84.5268007617111,84.4966207023078,1975378384.0826302,1921361392.8509202,54016991.231709994,1975378384.0826302,302985857.5763601,528027217.5292698,915234170.7775296,229131138.19946998,1975378384.0826302,1470927217.75675,213747876.7784701,563108051.8657799,88406678.50857005,226159025.36558005,265874024.27902,91044099.33404005,22587461.625290003,253753438.36321998,43672684.36324997,81886268.15983002,125138775.43958004
2025-05-01,1987424.3102572102,22290.849594188196,81.06443952534855,84.1429063036043,84.1865520768514,1987424310.2572098,1917328198.5491698,70096111.70803998,1987424310.2572098,323506387.0167901,529078473.48913014,906931319.9872897,227908129.76400003,1987424310.2572098,1444249858.61687,203147412.19835004,552369077.6630799,85631972.57331999,235406910.52494,259534261.1691599,85254333.40379004,22905891.08423,267959757.06126994,52495783.782299995,96189792.75974998,126529118.03701998
2025-06-01,2009502.2919928504,22333.23126368058,81.21856762481966,84.1683919228347,83.7281514712783,2009502291.9928498,1949403829.2751298,60098462.71771999,2009502291.9928498,314237252.6067999,546770026.39966,915912568.8581103,232582444.12828007,2009502291.9928498,1445423389.24049,204382858.99744,560785044.1053301,85672475.2803199,233515249.7936999,259675360.93608993,79047929.73752,22344470.390090004,260192590.74166998,69779255.47517996,96658815.30596003,137448241.22954997
2025-07-01,2059033.274186821,22538.33856601795,81.96447497286754,82.9952694241469,83.233891099452,2059033274.1868203,1993847051.4574203,65186222.729399994,2059033274.1868203,322600211.18616986,588502003.8419797,901368183.4087698,246562875.74989995,2059033274.1868203,1496506867.4612603,211989100.1714801,581829479.4957899,89796868.53293,237383828.2229901,266184210.57607004,85358576.33780995,23964804.124189988,263072546.6056499,59346231.54364002,93242915.26275,146864713.31352007
2025-08-01,2106920.638145701,22701.49152426365,82.55780826244025,82.3814441339273,82.7881402586301,2106920638.1457007,2037395777.3903208,69524860.75538,2106920638.1457007,328170512.36891,548447001.8936701,949040817.5704199,281262306.3127001,2106920638.1457007,1537979323.0687401,220678909.34627,585714820.36143,93380285.31033003,248587605.80898,273390840.54424,91925863.96253994,24300997.734949995,273143223.0310401,48434740.73816998,83544848.56748995,163818502.74026003
2025-09-01,1962362.99495929,20762.02280873389,75.50460269766181,82.4960781781944,82.4414494501477,1962362994.9592896,1894031054.1400995,68331940.81919,1962362994.9592896,318445650.13337,519178387.71438015,863757514.81528,260981442.29626003,1962362994.9592896,1449012787.0738304,211055522.59703004,550811160.9641899,85672996.45725004,235948451.13422993,252178075.77910012,90479387.98782006,22867192.154210016,267501397.95122,39171997.47463,73726936.07141002,132949876.3882
2025-10-01,2170966.8376578703,22611.072096922508,82.22898274286365,83.7196451667082,82.2089857490018,2170966837.65787,2096199311.4287698,74767526.22910002,2170966837.65787,351157513.5518699,561081186.08466,973715190.1872499,285012947.83409,2170966837.65787,1586503573.8362498,249449997.69831,583196447.8366598,93221374.76935002,255938218.36349007,278088756.34495,101664328.13701998,24944450.686470002,297617585.85869986,42670840.64286999,93171280.87747,151003556.44258004
2025-11-01,2211322.30967165,22630.11697255106,82.29824264981046,80.734007927542,82.0727243439244,2211322309.6716504,2132007343.3925502,79314966.27909999,2211322309.6716504,359728944.92231977,558800871.12229,985317573.5272098,307474920.0998301,2211322309.6716504,1595679169.2400804,263146748.6998401,578603350.0762104,92445339.41963,246502206.8695999,282515388.8468599,106837147.86780003,25628987.460140005,301123376.0501198,43907144.40047,99711939.70964,170900680.2713401
2025-12-01,2796110.3616881184,28133.905620793095,102.31369967178247,82.7509620873071,81.9943179475853,2796110361.6881204,2713064578.3367305,83045783.35138997,2796110361.6881204,455091517.05052,731510469.8956604,1218383419.96894,391124954.7729999,2796110361.6881204,2021669572.4221196,437905224.42700005,697602111.0856394,110505361.36823004,257877039.89128006,362868570.18422014,122131056.27477998,32780209.190970004,339638077.2856699,67502942.50732999,129644722.99577008,237655046.4772301
2026-01-01,2339233.32491327,22759.481309067854,82.7686979094896,81.4535371056478,81.9503494625544,2339233324.913269,2276136044.052029,63097280.86124001,2339233324.913269,400988196.0236999,586309980.7999403,1006290719.0652902,345644429.0243399,2339233324.913269,1677398592.7599504,287647809.74583,578125699.3548003,94284468.87019001,247944678.56711993,317064941.83984005,124529955.96106997,27801038.4211,330300381.2972601,51463165.03636997,92443260.81000997,187627925.00967994
2026-02-01,2213838.94861108,20913.077756425057,76.05393952847098,81.6898556535634,81.9309493399125,2213838948.6110797,2153749555.39168,60089393.21940001,2213838948.6110797,373195903.84815985,553780664.8712097,964241604.7069699,322620775.18474,2213838948.6110797,1617893840.55672,262980811.4133901,559690064.8486897,90095329.73627993,243846484.4184301,319701922.07608026,115276318.85927999,26302909.204569995,304437997.5810901,43798152.58952998,75634793.59851004,172074164.28522992
2026-03-01,2463630.474624511,22652.74141797432,82.38052026691332,81.6102466613372,81.91592428929,2463630474.6245112,2386706916.4487314,76923558.17578001,2463630474.6245112,409325000.2754297,611110220.1606401,1105298249.4568102,337897004.7316302,2463630474.6245112,1824650935.5981898,258902658.62606996,666343535.0213798,105329855.97439998,276561027.56785005,370008488.8222899,118308652.37657999,29196717.20962,335009614.1601898,43896758.32392001,90501192.38615,169571974.1560602
2026-04-01,2399630.788437171,21591.406053366216,78.52079495151668,82.2180180641131,81.8769058099839,2399630788.4371705,2325437036.6299005,74193751.80726998,2399630788.4371705,414940193.53584015,604726341.4618598,1018499603.4324499,361464650.00701994,2399630788.4371705,1782599826.4716299,244971672.7422,663092894.3649601,102966359.46228004,271589656.03466004,364850538.8848198,106751142.34106003,28377562.641650002,317617763.92798007,48217685.88311001,96274031.62476,154921480.52968997
2026-05-01,2502834.183285178,22140.645758953873,80.51819790874355,82.8500596909824,81.8036176862554,2502834183.2851787,2417072875.6268086,85761307.65836997,2502834183.2851787,413161683.7664298,599531381.2504303,1123847560.3975797,366293557.87074006,2502834183.2851787,1790412197.58892,228424314.76933986,677949168.0653201,104662793.51573998,282293591.03786004,364806761.7800201,103700307.43162994,28575260.989009984,327069227.40579987,64748042.791190006,143406644.6635,177198070.83576998
2026-06-01,2484975.4740283806,21635.08260155439,78.67963209607304,81.7875860354298,81.6916642200616,2484975474.02838,2401885534.18792,83089939.84046002,2484975474.02838,420530556.0684901,618085528.32838,1062498318.2047707,383861071.4267398,2484975474.02838,1814003691.52978,246778904.97299,689499298.4645901,103633892.31023,282171394.8838201,361045706.2544898,103249800.81447001,27624693.829189997,316336309.19227004,64647297.49602998,130547242.36159001,159440933.44870993
2026-07-01,2591042.388567678,22072.428125452218,80.27011296239861,81.2363820893659,81.5580284395183,2591042388.567679,2509482690.076959,81559698.49071997,2591042388.567679,429104340.6648301,672050060.9258003,1086065583.07696,403822403.90009016,2591042388.567679,1918309508.4154093,270716352.70249003,724950640.10646,111784220.44444998,298164564.1089398,371214264.3049198,111449808.03616,30029658.711989988,329464996.0242802,64402379.34353996,104090599.73372,174774905.05073002
