"fecha","w_median"
2012-01-01,3382
2012-02-01,3416
2012-03-01,3500
2012-04-01,3545
2012-05-01,3745
2012-06-01,5146
2012-07-01,3966
2012-08-01,3999
2012-09-01,3937
2012-10-01,4034
2012-11-01,4177
2012-12-01,5881
2013-01-01,4345
2013-02-01,4275
2013-03-01,4343
2013-04-01,4459
2013-05-01,4759
2013-06-01,6459
2013-07-01,4986
2013-08-01,4990
2013-09-01,4989
2013-10-01,5118
2013-11-01,5187
2013-12-01,7142
2014-01-01,5433
2014-02-01,5349
2014-03-01,5534
2014-04-01,5960
2014-05-01,6095
2014-06-01,8339
2014-07-01,6566
2014-08-01,6450
2014-09-01,6583
2014-10-01,6766
2014-11-01,6835
2014-12-01,9507
2015-01-01,7004
2015-02-01,7067
2015-03-01,7134
2015-04-01,7280
2015-05-01,7722
2015-06-01,10780
2015-07-01,8380
2015-08-01,8285
2015-09-01,8666
2015-10-01,8613
2015-11-01,8790
2015-12-01,12470
2016-01-01,9071
2016-02-01,9362
2016-03-01,9496
2016-04-01,9993
2016-05-01,10429
2016-06-01,14478
2016-07-01,10882
2016-08-01,11249
2016-09-01,11136
2016-10-01,11461
2016-11-01,11770
2016-12-01,16549
2017-01-01,12348
2017-02-01,12270
2017-03-01,12549
2017-04-01,12698
2017-05-01,13186
2017-06-01,18038
2017-07-01,13948
2017-08-01,14070
2017-09-01,14022
2017-10-01,14453
2017-11-01,14696
2017-12-01,20183
2018-01-01,15098
2018-02-01,15069
2018-03-01,15357
2018-04-01,15678
2018-05-01,16271
2018-06-01,21996
2018-07-01,16800
2018-08-01,17182
2018-09-01,17347
2018-10-01,18123
2018-11-01,19038
2018-12-01,26436
2019-01-01,20307
2019-02-01,19804
2019-03-01,21005
2019-04-01,21282
2019-05-01,22272
2019-06-01,30646
2019-07-01,23303
2019-08-01,24286
2019-09-01,24878
2019-10-01,26113
2019-11-01,26396
2019-12-01,36891
2020-01-01,28580
2020-02-01,30421
2020-03-01,31028
2020-04-01,30972
2020-05-01,31331
2020-06-01,44404
2020-07-01,32638
2020-08-01,33073
2020-09-01,33814
2020-10-01,36407
2020-11-01,37118
2020-12-01,52047
2021-01-01,38917
2021-02-01,41439
2021-03-01,42792
2021-04-01,43984
2021-05-01,45655
2021-06-01,63283
2021-07-01,48707
2021-08-01,50798
2021-09-01,51706
2021-10-01,54929
2021-11-01,55774
2021-12-01,75693
2022-01-01,59555
2022-02-01,60649
2022-03-01,65277
2022-04-01,67914
2022-05-01,72644
2022-06-01,99305
2022-07-01,81069
2022-08-01,86395
2022-09-01,90939
2022-10-01,95721
2022-11-01,101962
2022-12-01,157558
2023-01-01,113723
2023-02-01,118959
2023-03-01,134141
2023-04-01,141019
2023-05-01,154778
2023-06-01,218839
2023-07-01,178444
2023-08-01,209404
2023-09-01,235817
2023-10-01,241021
2023-11-01,265412
2023-12-01,405198
2024-01-01,349935
